{"stats":{"minecraft:killed":{"iceandfire:troll":1,"minecraft:spider":7,"minecraft:skeleton":17,"minecraft:zombie":2,"iceandfire:ghost":3},"minecraft:custom":{"minecraft:interact_with_furnace":29,"minecraft:mob_kills":31,"minecraft:interact_with_anvil":1,"minecraft:interact_with_crafting_table":18,"minecraft:open_barrel":1,"minecraft:play_one_minute":110459,"minecraft:damage_dealt_resisted":1001,"minecraft:leave_game":2,"minecraft:time_since_death":110459,"minecraft:sleep_in_bed":2,"minecraft:climb_one_cm":3110,"minecraft:time_since_rest":46772,"minecraft:sprint_one_cm":321958,"minecraft:damage_taken":2748,"minecraft:walk_one_cm":117656,"minecraft:damage_blocked_by_shield":2490,"minecraft:trigger_trapped_chest":1,"minecraft:drop":18,"minecraft:damage_dealt":6288,"minecraft:damage_dealt_absorbed":79,"minecraft:swim_one_cm":19496,"minecraft:fly_one_cm":494845,"minecraft:open_chest":65,"minecraft:crouch_one_cm":4349,"tombstone:undead_killed":22,"minecraft:sneak_time":2991,"minecraft:walk_under_water_one_cm":24481,"minecraft:boat_one_cm":941,"minecraft:jump":2420,"minecraft:walk_on_water_one_cm":24952,"minecraft:fall_one_cm":59383},"minecraft:mined":{"minecraft:diamond_ore":9,"minecraft:spruce_planks":69,"tetra:scroll_rolled":1,"ironfurnaces:iron_furnace":1,"minecraft:emerald_ore":2,"minecraft:rose_bush":1,"minecraft:cobblestone":3,"minecraft:spruce_leaves":25,"minecraft:oak_planks":1,"minecraft:red_mushroom":1,"minecraft:large_fern":1,"minecraft:hay_block":52,"minecraft:furnace":1,"tconstruct:sky_earth_slime_grass":1,"minecraft:iron_ore":42,"minecraft:sweet_berry_bush":2,"minecraft:spruce_log":24,"tconstruct:earth_slime_dirt":9,"quark:smooth_basalt":1,"quark:deepslate":38,"minecraft:bookshelf":12,"minecraft:grass":2,"minecraft:coal_ore":15,"create:gabbro":1,"minecraft:sunflower":1,"tconstruct:earth_congealed_slime":15,"minecraft:stone":29,"minecraft:gold_ore":21,"tconstruct:sky_congealed_slime":8},"minecraft:picked_up":{"minecraft:water_bucket":1,"minecraft:enchanted_book":1,"minecraft:lily_pad":6,"iceandfire:ectoplasm":1,"create:gabbro_cobblestone":1,"minecraft:string":5,"tconstruct:earth_slime_dirt":10,"tconstruct:seared_brick":50,"tetra:scroll_rolled":1,"minecraft:bone":20,"minecraft:bow":1,"minecraft:wheat_seeds":2,"minecraft:spruce_planks":125,"minecraft:poppy":5,"minecraft:iron_ore":42,"tombstone:bag_of_seeds":1,"minecraft:oak_planks":1,"minecraft:iron_sword":1,"ironfurnaces:iron_furnace":1,"minecraft:furnace":1,"minecraft:book":36,"minecraft:sweet_berries":4,"minecraft:torch":1,"tombstone:grave_dust":5,"minecraft:spruce_log":24,"minecraft:carrot":70,"minecraft:gold_ore":35,"minecraft:spider_eye":1,"tconstruct:sky_slime_ball":32,"quark:cobbled_deepslate":34,"minecraft:arrow":21,"minecraft:slime_ball":56,"minecraft:diamond":9,"minecraft:spruce_boat":3,"quark:smooth_basalt":1,"minecraft:hay_block":51,"minecraft:emerald":4,"minecraft:baked_potato":48,"tombstone:magic_scroll":1,"minecraft:coal":41,"minecraft:cobblestone":33,"minecraft:diamond_pickaxe":1},"minecraft:used":{"mahoutsukai:mahoujin_projector":1,"minecraft:water_bucket":59,"quark:cobbled_deepslate":9,"minecraft:baked_potato":48,"minecraft:spruce_planks":72,"minecraft:shield":78,"minecraft:iron_sword":168,"minecraft:torch":1,"ironfurnaces:diamond_furnace":1,"minecraft:carrot":36,"tetra:scroll_rolled":1,"tombstone:bag_of_seeds":2,"minecraft:spruce_boat":3,"minecraft:diamond_pickaxe":151,"minecraft:iron_axe":124,"minecraft:bread":3,"minecraft:iron_pickaxe":16,"ironfurnaces:iron_furnace":1,"minecraft:cobblestone":22,"tconstruct:sky_slime_bucket":1,"create:gabbro_cobblestone":1,"minecraft:furnace":1,"minecraft:bucket":60,"tombstone:gift":2,"tconstruct:earth_slime_dirt":2},"minecraft:crafted":{"sophisticatedbackpacks:backpack":1,"ironfurnaces:gold_furnace":1,"minecraft:crafting_table":1,"minecraft:spruce_planks":96,"minecraft:iron_helmet":2,"minecraft:iron_sword":1,"minecraft:furnace":1,"ironfurnaces:iron_furnace":1,"sophisticatedbackpacks:gold_backpack":1,"minecraft:gold_block":1,"minecraft:bucket":1,"sophisticatedbackpacks:crafting_upgrade":1,"ironfurnaces:diamond_furnace":1,"sophisticatedbackpacks:upgrade_base":1,"minecraft:bread":153,"minecraft:air":0,"minecraft:iron_boots":1,"minecraft:iron_chestplate":2,"minecraft:shield":2,"sophisticatedbackpacks:diamond_backpack":1,"minecraft:stick":4,"minecraft:iron_ingot":0,"tconstruct:seared_brick":104,"minecraft:iron_leggings":1,"minecraft:gold_ingot":11,"minecraft:spruce_boat":1,"quark:spruce_chest":2,"minecraft:wheat":459,"sophisticatedbackpacks:iron_backpack":1},"minecraft:dropped":{"minecraft:sweet_berries":4,"minecraft:wheat_seeds":2,"tconstruct:earth_slime_dirt":8,"iceandfire:ectoplasm":1,"minecraft:filled_map":1,"minecraft:poppy":5,"quark:smooth_basalt":1,"minecraft:diamond_pickaxe":1,"minecraft:spider_eye":1,"minecraft:arrow":4,"minecraft:lily_pad":6,"minecraft:bucket":1,"minecraft:bone":6}},"DataVersion":2586}