{"stats":{"minecraft:mined":{"minecraft:white_bed":17,"create:dolomite":43,"minecraft:obsidian":27,"minecraft:nether_wart":10,"minecraft:spawner":46,"minecraft:tall_seagrass":2,"minecraft:fire":74,"tconstruct:cobalt_ore":1,"minecraft:pumpkin":4,"minecraft:potted_dandelion":1,"iceandfire:gold_pile":3,"minecraft:oak_stairs":1,"tconstruct:sky_slime_fern":1,"minecraft:iron_block":1,"minecraft:player_head":5,"tconstruct:sky_sky_slime_grass":4,"minecraft:red_bed":2,"minecraft:smoker":2,"minecraft:torch":98,"minecraft:blast_furnace":3,"minecraft:dead_bush":5,"iceandfire:sapphire_ore":5,"minecraft:spruce_wall_sign":3,"minecraft:sugar_cane":34,"minecraft:bricks":42,"minecraft:skeleton_skull":2,"minecraft:purple_banner":1,"minecraft:wheat":121,"minecraft:lilac":2,"minecraft:jukebox":4,"minecraft:wither_rose":2,"minecraft:grass":545,"evilcraft:hardened_blood":12,"create:zinc_ore":2,"iceandfire:silver_ore":15,"tetra:block_geode":4,"farmersdelight:wild_carrots":1,"minecraft:dark_oak_log":1,"quark:cobbled_deepslate":3,"minecraft:nether_bricks":8,"minecraft:spruce_fence":21,"minecraft:redstone_ore":12,"minecraft:snow":142,"evilcraft:box_of_eternal_closure":5,"minecraft:andesite":689,"mcwfences:spruce_stockade_fence":3,"quark:smooth_basalt":15,"minecraft:potatoes":160,"minecraft:vine":4,"minecraft:rail":1,"mcwdoors:spruce_bark_glass_door":4,"minecraft:bamboo":19,"tconstruct:earth_congealed_slime":39,"minecraft:white_wool":6,"tconstruct:copper_ore":23,"minecraft:oak_slab":15,"minecraft:soul_sand":1,"quark:oak_chest":3,"minecraft:lily_of_the_valley":1,"minecraft:dandelion":7,"minecraft:cornflower":1,"iceandfire:dread_stone_stairs":1,"tconstruct:scorched_lantern":1,"minecraft:tall_grass":72,"mcwfurnitures:spruce_counter":3,"tconstruct:sky_slime_leaves":14,"minecraft:cobblestone_wall":2,"minecraft:white_carpet":14,"minecraft:spruce_log":1061,"minecraft:birch_leaves":15,"quark:white_candle":4,"quark:deepslate":391,"iceandfire:silver_pile":73,"minecraft:gravel":106,"minecraft:cobweb":4,"minecraft:stone_bricks":3,"minecraft:gold_ore":12,"minecraft:fern":5,"tconstruct:sky_congealed_slime":36,"quark:root":84,"minecraft:spruce_planks":284,"minecraft:cobblestone_stairs":2,"minecraft:grass_block":453,"minecraft:infested_cobblestone":1,"sophisticatedbackpacks:iron_backpack":1,"iceandfire:dread_spawner":6,"minecraft:glowstone":23,"minecraft:iron_ore":355,"create:dolomite_cobblestone":1,"create:copper_ore":1,"minecraft:azure_bluet":1,"minecraft:iron_bars":2,"minecraft:spruce_slab":141,"tetra:scroll_rolled":5,"minecraft:clay":4,"iceandfire:dragon_ice_spikes":78,"iceandfire:ghost_chest":9,"quark:stone_speleothem":1,"minecraft:poppy":15,"iceandfire:frozen_dirt":2,"minecraft:mushroom_stem":1,"minecraft:cobblestone":114,"alexsmobs:capsid":1,"minecraft:oak_planks":9,"minecraft:wall_torch":95,"minecraft:seagrass":2,"minecraft:dark_oak_slab":13,"quark:marble":6,"minecraft:tnt":4,"quark:slate":434,"minecraft:oak_log":170,"minecraft:sand":181,"minecraft:dirt":407,"mcwbridges:cobblestone_bridge_stair":1,"minecraft:netherrack":66,"minecraft:oak_leaves":119,"iceandfire:chared_stone":4,"minecraft:nether_gold_ore":16,"minecraft:diamond_ore":28,"minecraft:dark_oak_leaves":1,"minecraft:oak_door":3,"mahoutsukai:mahoujin_projector":4,"iceandfire:frozen_cobblestone":21,"create:natural_scoria":2,"iceandfire:frozen_stone":22,"minecraft:spruce_leaves":517,"mcwroofs:cobblestone_steep_roof":4,"minecraft:sandstone":44,"iceandfire:chared_grass":1,"minecraft:large_fern":13,"minecraft:hay_block":12,"evilcraft:sanguinary_pedestal_0":3,"minecraft:spruce_sapling":70,"minecraft:furnace":8,"minecraft:carrots":25,"iceandfire:copper_ore":1,"minecraft:stripped_spruce_log":6,"evilcraft:dark_ore":22,"minecraft:bookshelf":37,"minecraft:lantern":23,"minecraft:packed_ice":1,"minecraft:stone":2436,"sophisticatedbackpacks:backpack":1,"evilcraft:undead_sapling":3,"iceandfire:pixie_jar_empty":1,"minecraft:acacia_leaves":1,"tconstruct:sky_slime_tall_grass":3,"minecraft:spruce_door":2,"minecraft:polished_granite":4,"minecraft:basalt":2,"minecraft:crafting_table":53,"quark:spruce_bookshelf":12,"minecraft:rose_bush":4,"mcwwindows:spruce_plank_pane_window":14,"minecraft:lapis_ore":9,"minecraft:blue_bed":3,"twilightforest:moonworm":3,"minecraft:spruce_stairs":35,"minecraft:birch_planks":3,"minecraft:sweet_berry_bush":5,"minecraft:ice":41,"minecraft:yellow_bed":6,"minecraft:grass_path":6,"minecraft:black_wool":1,"evilcraft:blood_stain":3,"minecraft:coal_ore":320,"quark:monster_box":3,"evilcraft:undead_log":12,"minecraft:end_rod":1,"quark:spruce_chest":1,"minecraft:cracked_stone_bricks":4,"minecraft:terracotta":2,"minecraft:polished_andesite":23},"minecraft:picked_up":{"minecraft:iron_chestplate":7,"minecraft:chainmail_boots":5,"minecraft:flower_pot":1,"iceandfire:copper_ore":11,"minecraft:prismarine_shard":4,"minecraft:lead":4,"minecraft:diamond_sword":11,"minecraft:oak_stairs":1,"minecraft:wither_rose":6,"minecraft:enchanted_book":12,"minecraft:golden_shovel":1,"minecraft:infested_stone":25,"iceandfire:manuscript":67,"minecraft:string":170,"minecraft:pufferfish":6,"minecraft:gold_nugget":169,"minecraft:spruce_planks":478,"iceandfire:dragonforge_ice_brick":14,"minecraft:written_book":1,"quark:root_item":42,"minecraft:spruce_pressure_plate":1,"minecraft:music_disc_blocks":1,"minecraft:jukebox":5,"iceandfire:silver_ore":35,"iceandfire:dread_torch":2,"iceandfire:lightning_dragon_flesh":8,"tconstruct:scorched_lantern":2,"alexsmobs:centipede_leg":1,"minecraft:stone_sword":6,"evilcraft:box_of_eternal_closure":5,"create:scoria":2,"farmersdelight:onion":13,"minecraft:iron_block":1,"iceandfire:fire_dragon_heart":7,"minecraft:red_tulip":3,"minecraft:end_rod":1,"minecraft:blaze_rod":1,"mowziesmobs:barakoa_mask_misery":1,"minecraft:iron_bars":2,"minecraft:snowball":622,"quark:marble":12,"minecraft:birch_log":1,"iceandfire:dragonscales_black":20,"iceandfire:sapphire_gem":5,"minecraft:feather":40,"minecraft:cooked_beef":7,"minecraft:water_bucket":21,"minecraft:brown_wool":1,"minecraft:smoker":1,"minecraft:flint":13,"artifacts:flippers":1,"minecraft:lantern":23,"artifacts:shock_pendant":1,"iceandfire:ice_dragon_blood":1,"tetra:scroll_rolled":10,"iceandfire:dragon_meal":192,"minecraft:rabbit":2,"minecraft:glowstone_dust":50,"tconstruct:sky_slime_sapling":3,"iceandfire:dragon_skull_fire":22,"iceandfire:shiny_scales":21,"minecraft:stripped_spruce_log":6,"iceandfire:stymphalian_bird_feather":32,"sophisticatedbackpacks:iron_backpack":4,"minecraft:granite_slab":6,"iceandfire:lightning_dragon_heart":2,"minecraft:fermented_spider_eye":4,"minecraft:dark_oak_log":2,"alexsmobs:animal_dictionary":6,"quark:cobbled_deepslate":485,"minecraft:polished_andesite":31,"alexsmobs:tarantula_hawk_wing_fragment":4,"minecraft:golden_horse_armor":1,"minecraft:bread":63,"alexsmobs:maggot":14,"iceandfire:gorgon_head":3,"minecraft:bricks":40,"minecraft:diamond_pickaxe":2,"iceandfire:dragon_skull_lightning":1,"minecraft:crafting_table":141,"iceandfire:witherbone":3,"minecraft:nether_wart":16,"minecraft:clay_ball":82,"minecraft:golden_pickaxe":1,"tconstruct:materials_and_you":2,"minecraft:flint_and_steel":1,"iceandfire:sea_serpent_scales_blue":4,"evilcraft:vengeance_focus":1,"minecraft:cornflower":1,"iceandfire:frozen_grass":5,"minecraft:red_bed":2,"evilcraft:poison_sac":2,"minecraft:white_carpet":15,"minecraft:iron_shovel":3,"iceandfire:graveyard_soil":10,"minecraft:cracked_stone_bricks":8,"quark:spruce_chest":1,"iceandfire:hydra_fang":5,"iceandfire:armor_silver_metal_leggings":9,"minecraft:beef":530,"iceandfire:dread_knight_sword":1,"iceandfire:dread_shard":65,"minecraft:cyan_wool":1,"minecraft:iron_nugget":70,"minecraft:poppy":26,"minecraft:spruce_slab":150,"minecraft:chest":1,"minecraft:birch_sapling":2,"minecraft:egg":2,"minecraft:sandstone":44,"minecraft:stone":11,"minecraft:oak_door":3,"sophisticatedbackpacks:backpack":3,"minecraft:spruce_fence":22,"minecraft:fire_charge":5,"evilcraft:hardened_blood":8,"farmersdelight:tomato_seeds":4,"tconstruct:sky_slime_dirt":4,"minecraft:carrot":243,"minecraft:redstone":56,"minecraft:prismarine_crystals":11,"mcwroofs:cobblestone_steep_roof":4,"iceandfire:dragon_skull_ice":36,"minecraft:tnt":36,"tconstruct:sky_slime_ball":145,"minecraft:diamond_chestplate":1,"minecraft:cooked_cod":2,"minecraft:shears":1,"minecraft:hay_block":12,"minecraft:gold_ingot":228,"tombstone:essence_of_undeath":8,"minecraft:totem_of_undying":4,"minecraft:mutton":72,"minecraft:white_wool":58,"iceandfire:armor_red_leggings":1,"minecraft:bone_block":27,"minecraft:rail":3,"iceandfire:sea_serpent_fang":25,"minecraft:red_mushroom":9,"minecraft:filled_map":3,"minecraft:oak_log":171,"minecraft:jungle_button":4,"mowziesmobs:wrought_axe":1,"iceandfire:dragonscales_blue":181,"minecraft:blue_bed":3,"minecraft:paper":10,"minecraft:white_banner":10,"mowziesmobs:barako_mask":1,"minecraft:kelp":16,"minecraft:apple":8,"minecraft:stone_bricks":60,"iceandfire:pixie_jar_empty":1,"mowziesmobs:foliaath_seed":3,"alexsmobs:cockroach_wing_fragment":2,"iceandfire:dread_stone_stairs":1,"minecraft:stone_pickaxe":14,"minecraft:cobweb":31,"minecraft:iron_ore":820,"tombstone:bag_of_seeds":11,"minecraft:glass_bottle":4,"minecraft:iron_sword":9,"mcwwindows:spruce_plank_pane_window":15,"iceandfire:chared_stone":6,"iceandfire:copper_nugget":8,"minecraft:dark_oak_slab":7,"tconstruct:copper_ore":24,"minecraft:sweet_berries":15,"iceandfire:sea_serpent_scales_green":9,"minecraft:gravel":371,"minecraft:spruce_sapling":481,"minecraft:spruce_log":1198,"minecraft:crying_obsidian":6,"iceandfire:dragonscales_copper":11,"minecraft:infested_stone_bricks":25,"iceandfire:dragon_flute":3,"minecraft:slime_ball":194,"tetra:geode":32,"iceandfire:silver_sword":16,"tconstruct:cobalt_ore":2,"minecraft:painting":30,"iceandfire:dragonforge_ice_input":2,"minecraft:gray_wool":1,"iceandfire:ice_dragon_flesh":12,"twilightforest:spiral_bricks":8,"minecraft:baked_potato":163,"farmersdelight:cooked_salmon_slice":5,"minecraft:ender_pearl":6,"minecraft:wheat":547,"create:dolomite_cobblestone":43,"mowziesmobs:barakoa_mask_faith":2,"minecraft:potion":5,"minecraft:nether_brick":40,"minecraft:stone_brick_stairs":1,"minecraft:crimson_planks":1,"iceandfire:armor_silver_metal_chestplate":8,"evilcraft:ender_tear":3,"iceandfire:sea_serpent_scales_teal":7,"minecraft:iron_leggings":5,"minecraft:experience_bottle":20,"minecraft:purple_banner":4,"minecraft:zombie_head":1,"minecraft:bucket":1,"minecraft:rose_bush":5,"minecraft:iron_pickaxe":30,"minecraft:smooth_quartz":8,"iceandfire:dragonscales_red":19,"evilcraft:blood_extractor":3,"farmersdelight:cabbage_seeds":1,"minecraft:iron_boots":10,"minecraft:furnace":8,"minecraft:tipped_arrow":40,"iceandfire:pixie_dust":1,"minecraft:stick":355,"iceandfire:ghost_chest":10,"minecraft:oak_fence":5,"minecraft:torch":990,"minecraft:spruce_stairs":58,"iceandfire:dread_sword":2,"minecraft:porkchop":42,"iceandfire:crackled_gravel":1,"tombstone:grave_dust":308,"iceandfire:troll_weapon_column_forest":6,"minecraft:rotten_flesh":366,"alexsmobs:capsid":6,"iceandfire:crackled_grass":1,"mcwfurnitures:spruce_counter":3,"evilcraft:condensed_blood":20,"minecraft:music_disc_wait":1,"minecraft:stripped_birch_wood":1,"minecraft:obsidian":29,"minecraft:cod":17,"minecraft:cobblestone":5923,"minecraft:leather_chestplate":1,"minecraft:lilac":4,"minecraft:andesite":2029,"twilightforest:twilight_oak_wood":1,"minecraft:chiseled_quartz_block":2,"minecraft:potato":721,"evilcraft:flesh_humanoid":7,"create:gabbro_cobblestone":43,"minecraft:lapis_lazuli":60,"minecraft:dirt":1498,"iceandfire:dragonscales_bronze":31,"minecraft:polished_granite":3,"minecraft:name_tag":2,"minecraft:leather_boots":4,"minecraft:glass":2,"minecraft:bone":1177,"create:copper_ore":3,"minecraft:bow":23,"minecraft:wheat_seeds":1162,"minecraft:orange_tulip":3,"minecraft:mossy_stone_bricks":25,"minecraft:bamboo":436,"evilcraft:dark_ore":2,"minecraft:oak_planks":474,"iceandfire:amphithere_feather":6,"tconstruct:necrotic_bone":9,"minecraft:music_disc_13":2,"mcwbridges:cobblestone_bridge_stair":1,"tetra:modular_double":1,"twilightforest:moonworm":3,"minecraft:poisonous_potato":8,"mahoutsukai:mahoujin_projector":1,"evilcraft:dark_gem_crushed":17,"minecraft:sand":200,"minecraft:spectral_arrow":67,"evilcraft:sanguinary_pedestal_0":2,"minecraft:grass_block":6,"minecraft:dead_bush":9,"minecraft:lily_of_the_valley":1,"iceandfire:frozen_dirt":6,"iceandfire:dragonegg_red":2,"iceandfire:dragon_bone_block":2,"minecraft:light_gray_concrete":2,"minecraft:sugar":2,"minecraft:diamond":31,"alexsmobs:rattlesnake_rattle":1,"minecraft:crossbow":8,"minecraft:grass":4,"minecraft:bone_meal":8,"minecraft:golden_apple":2,"minecraft:spruce_sign":3,"alexsmobs:moose_ribs":5,"minecraft:emerald":14,"twilightforest:torchberries":16,"minecraft:oak_sapling":22,"minecraft:netherrack":60,"iceandfire:silver_nugget":593,"minecraft:andesite_slab":1,"iceandfire:copper_ingot":2,"minecraft:fishing_rod":11,"minecraft:cocoa_beans":4,"minecraft:splash_potion":1,"minecraft:azure_bluet":1,"evilcraft:dark_power_gem":1,"evilcraft:undead_sapling":3,"minecraft:chicken":14,"minecraft:ladder":1,"minecraft:brown_mushroom":4,"tconstruct:skyroot_log":39,"mca:book_rose_gold":6,"minecraft:diamond_horse_armor":1,"iceandfire:frozen_cobblestone":22,"minecraft:chain":4,"minecraft:shield":17,"iceandfire:frozen_stone":26,"minecraft:iron_axe":8,"artifacts:feral_claws":1,"minecraft:item_frame":2,"minecraft:blackstone":25,"mcwfences:spruce_stockade_fence":3,"create:zinc_ore":2,"minecraft:player_head":4,"minecraft:sugar_cane":66,"minecraft:phantom_membrane":12,"iceandfire:ice_dragon_heart":4,"minecraft:dark_oak_sapling":1,"tombstone:ankh_of_pray":1,"iceandfire:dragonscales_green":18,"iceandfire:dragonbone":167,"iceandfire:dragonscales_gray":27,"iceandfire:troll_tusk":2,"iceandfire:deathworm_chitin_red":4,"iceandfire:chared_grass":1,"evilcraft:origins_of_darkness":2,"mcwdoors:spruce_bark_glass_door":4,"iceandfire:silver_ingot":21,"minecraft:arrow":887,"iceandfire:cyclops_eye":2,"quark:smooth_basalt":44,"minecraft:nether_bricks":7,"iceandfire:chared_dirt":6,"mowziesmobs:ice_crystal":1,"artifacts:cross_necklace":1,"minecraft:saddle":2,"minecraft:skeleton_skull":7,"quark:slate":872,"minecraft:air":0,"minecraft:basalt":7,"minecraft:salmon":16,"minecraft:leather":371,"minecraft:cut_sandstone":2,"tconstruct:broad_axe":2,"minecraft:birch_planks":2,"alexsmobs:cachalot_whale_tooth":2,"iceandfire:ectoplasm":20,"minecraft:cobblestone_wall":3,"minecraft:yellow_bed":7,"iceandfire:dragonegg_gray":1,"minecraft:gunpowder":66,"minecraft:cobblestone_stairs":3,"minecraft:cooked_mutton":7,"quark:music_disc_crickets":8,"minecraft:rabbit_hide":3,"minecraft:iron_ingot":439,"quark:tallow":19,"minecraft:cooked_chicken":15,"minecraft:soul_sand":25,"minecraft:acacia_sapling":2,"iceandfire:fire_dragon_flesh":19,"minecraft:book":161,"quark:blue_blossom_sapling":1,"minecraft:oak_slab":81,"iceandfire:dragonegg_black":1,"evilcraft:undead_log":12,"minecraft:pumpkin":5,"iceandfire:ash":3,"minecraft:dandelion":8,"mowziesmobs:barakoa_mask_bliss":1,"mowziesmobs:wrought_helmet":1,"minecraft:blast_furnace":3,"minecraft:white_bed":17,"minecraft:gold_ore":97,"artifacts:scarf_of_invisibility":1,"quark:oak_chest":3,"minecraft:spider_eye":42,"minecraft:spruce_door":4,"mowziesmobs:naga_fang":1,"minecraft:pumpkin_seeds":2,"evilcraft:dark_gem":109,"minecraft:iron_helmet":9,"iceandfire:sea_serpent_scales_red":4,"minecraft:terracotta":9,"tombstone:magic_scroll":35,"minecraft:black_wool":2,"quark:white_candle":4,"minecraft:coal":1797},"minecraft:broken":{"minecraft:iron_boots":1,"minecraft:iron_leggings":3,"iceandfire:armor_bronze_boots":1,"minecraft:chainmail_boots":2,"minecraft:bow":2,"minecraft:leather_helmet":1,"iceandfire:armor_silver_metal_leggings":1,"minecraft:chainmail_leggings":1,"minecraft:chainmail_helmet":1,"minecraft:shield":1,"minecraft:iron_axe":5,"minecraft:iron_pickaxe":13,"minecraft:iron_helmet":1,"minecraft:iron_shovel":2,"iceandfire:armor_red_boots":1,"minecraft:golden_shovel":1,"iceandfire:armor_green_leggings":1,"iceandfire:armor_bronze_leggings":1,"minecraft:stone_pickaxe":1,"minecraft:chainmail_chestplate":1,"iceandfire:armor_blue_chestplate":1,"iceandfire:armor_bronze_chestplate":1,"minecraft:stone_axe":1,"iceandfire:armor_blue_leggings":1,"iceandfire:armor_blue_boots":1,"iceandfire:armor_green_boots":1,"minecraft:leather_chestplate":1,"iceandfire:armor_red_chestplate":1},"minecraft:crafted":{"iceandfire:dragonarmor_iron_head":1,"evilcraft:hardened_blood_shard":72,"minecraft:bookshelf":11,"minecraft:cooked_mutton":4,"evilcraft:vengeance_ring":2,"minecraft:glass":106,"iceandfire:armor_silver_metal_chestplate":1,"evilcraft:blood_extractor":2,"minecraft:magenta_dye":2,"minecraft:flower_pot":4,"evilcraft:undead_planks":40,"mcwroofs:cobblestone_top_roof":10,"minecraft:cooked_porkchop":1,"mcwfurnitures:spruce_lower_triple_drawer":4,"iceandfire:armor_red_chestplate":1,"minecraft:painting":3,"mcwwindows:window_base":100,"quark:oak_chest":4,"iceandfire:summoning_crystal_fire":1,"minecraft:iron_pickaxe":29,"minecraft:iron_block":43,"minecraft:gold_ingot":124,"iceandfire:dragon_horn":2,"iceandfire:stymphalian_feather_bundle":1,"minecraft:composter":1,"minecraft:spruce_fence_gate":1,"iceandfire:silver_sword":3,"minecraft:golden_carrot":28,"mcwdoors:spruce_bark_glass_door":3,"iceandfire:armor_green_leggings":1,"mowziesmobs:naga_fang_dagger":1,"minecraft:iron_nugget":270,"mcwroofs:cobblestone_steep_roof":10,"iceandfire:dragonarmor_iron_body":2,"iceandfire:dragon_flute":2,"minecraft:bone_meal":1107,"minecraft:spruce_fence":69,"minecraft:white_carpet":9,"evilcraft:dark_block":3,"mcwwindows:spruce_plank_pane_window":96,"minecraft:lantern":28,"minecraft:spruce_stairs":92,"minecraft:spruce_slab":774,"minecraft:stone_pickaxe":1,"iceandfire:siren_flute":1,"quark:spruce_chest":17,"minecraft:dark_oak_planks":4,"minecraft:wheat":117,"minecraft:coal_block":2,"evilcraft:dark_tank":1,"minecraft:enchanting_table":1,"alexsmobs:cooked_moose_ribs":3,"sophisticatedbackpacks:gold_backpack":1,"minecraft:bone":9,"minecraft:golden_apple":1,"evilcraft:blood_infuser":1,"mcwfurnitures:spruce_counter":5,"minecraft:iron_shovel":5,"minecraft:iron_leggings":2,"minecraft:white_bed":6,"iceandfire:armor_bronze_leggings":1,"minecraft:brick":12,"iceandfire:dragonarmor_iron_neck":2,"minecraft:oak_planks":516,"minecraft:cobblestone_slab":138,"tombstone:smoke_ball":30,"minecraft:cobblestone_stairs":98,"minecraft:bow":1,"minecraft:iron_boots":1,"iceandfire:armor_silver_metal_leggings":1,"mcwfurnitures:cabinet_drawer":3,"iceandfire:armor_blue_boots":1,"mcwfurnitures:cabinet_door":1,"minecraft:stone_hoe":1,"minecraft:smoker":2,"minecraft:oak_slab":378,"minecraft:item_frame":2,"sophisticatedbackpacks:backpack":1,"minecraft:crafting_table":54,"minecraft:spruce_planks":2736,"minecraft:wooden_pickaxe":1,"minecraft:iron_helmet":3,"minecraft:baked_potato":375,"quark:white_candle":6,"tconstruct:sky_slime_sling":1,"minecraft:gold_block":23,"mcwfurnitures:spruce_cupboard_counter":4,"minecraft:iron_chestplate":2,"minecraft:diamond_pickaxe":1,"iceandfire:armor_blue_leggings":1,"minecraft:shield":1,"sophisticatedbackpacks:diamond_backpack":1,"minecraft:stick":608,"minecraft:light_blue_dye":2,"minecraft:iron_ingot":433,"evilcraft:vengeance_pickaxe":1,"minecraft:shears":3,"evilcraft:dark_spike":16,"minecraft:oak_door":3,"mcwbridges:cobblestone_bridge_stair":7,"minecraft:fishing_rod":3,"iceandfire:armor_blue_chestplate":1,"evilcraft:blood_chest":1,"iceandfire:dragon_stick":2,"minecraft:furnace":8,"minecraft:glass_pane":64,"mcwfences:spruce_stockade_fence":96,"evilcraft:vengeance_focus":2,"minecraft:iron_axe":4,"evilcraft:sanguinary_pedestal_0":1,"minecraft:spruce_wood":18,"iceandfire:armor_red_leggings":1,"minecraft:cobblestone_wall":3,"evilcraft:dark_stick":8,"iceandfire:armor_bronze_chestplate":1,"iceandfire:armor_red_boots":1,"sophisticatedbackpacks:iron_backpack":3,"minecraft:cooked_beef":13,"minecraft:red_dye":5,"minecraft:cooked_cod":8,"iceandfire:silver_ingot":82,"minecraft:spruce_sign":3,"iceandfire:armor_bronze_boots":1,"evilcraft:blood_infusion_core":2,"iceandfire:dragon_meal":93,"mcwfurnitures:spruce_wardrobe":4,"minecraft:cooked_salmon":7,"tombstone:ankh_of_pray":1,"minecraft:bucket":3,"minecraft:stone_axe":1,"tconstruct:sky_congealed_slime":1,"minecraft:bread":130,"minecraft:air":0,"alexsmobs:maraca":1,"quark:spruce_bookshelf":40,"minecraft:white_wool":6,"minecraft:gold_nugget":279,"minecraft:white_dye":1,"minecraft:anvil":1,"iceandfire:dragonarmor_iron_tail":2,"minecraft:torch":1284,"mca:wedding_ring":1,"iceandfire:armor_green_boots":1,"iceandfire:silver_hoe":1,"minecraft:ender_chest":1},"minecraft:used":{"mahoutsukai:mahoujin_projector":1,"twilightforest:spiral_bricks":5,"quark:cobbled_deepslate":26,"mcwwindows:spruce_plank_pane_window":111,"minecraft:ladder":1,"iceandfire:dragon_skull_ice":33,"minecraft:spruce_slab":888,"minecraft:poppy":12,"evilcraft:blood_chest":1,"mcwfurnitures:spruce_counter":8,"minecraft:stone":207,"minecraft:rotten_flesh":54,"minecraft:soul_sand":1,"iceandfire:frozen_grass":1,"minecraft:snowball":108,"minecraft:packed_ice":1,"minecraft:villager_spawn_egg":1,"minecraft:grass_block":3,"minecraft:birch_sapling":2,"iceandfire:ghost_chest":7,"minecraft:dark_oak_slab":4,"quark:blue_blossom_sapling":1,"mcwroofs:cobblestone_steep_roof":11,"minecraft:bow":83,"minecraft:furnace":12,"minecraft:sweet_berries":15,"minecraft:oak_sapling":7,"minecraft:cooked_cod":14,"minecraft:egg":2,"minecraft:potato":347,"iceandfire:frozen_cobblestone":1,"minecraft:spruce_door":2,"minecraft:wooden_pickaxe":3,"minecraft:composter":1,"quark:music_disc_crickets":4,"iceandfire:frozen_dirt":1,"minecraft:sand":1,"evilcraft:undead_sapling":8,"tconstruct:copper_ore":1,"mca:female_villager_spawn_egg":10,"minecraft:blast_furnace":2,"tetra:modular_double":1,"minecraft:crying_obsidian":6,"minecraft:polished_granite":2,"minecraft:fire_charge":3,"minecraft:pufferfish":2,"minecraft:diamond_sword":4245,"minecraft:poisonous_potato":1,"evilcraft:sanguinary_pedestal_0":3,"minecraft:enchanting_table":1,"iceandfire:silver_sword":438,"evilcraft:vengeance_pickaxe":9,"minecraft:cooked_salmon":7,"quark:spruce_bookshelf":38,"minecraft:netherrack":23,"minecraft:torch":1544,"minecraft:anvil":1,"tconstruct:scorched_lantern":1,"tetra:scroll_rolled":5,"minecraft:golden_shovel":32,"alexsmobs:capsid":1,"tombstone:ankh_of_pray":75,"minecraft:iron_block":1,"minecraft:iron_axe":1311,"carryon:entity_item":8,"minecraft:bamboo":82,"minecraft:beef":7,"create:dolomite_cobblestone":10,"iceandfire:dragonegg_gray":1,"tconstruct:sky_slime_bucket":8,"tombstone:gift":12,"quark:white_candle":10,"minecraft:wheat_seeds":129,"mca:male_villager_spawn_egg":8,"minecraft:water_bucket":301,"minecraft:birch_planks":2,"mcwfurnitures:spruce_cupboard_counter":4,"minecraft:rabbit":2,"minecraft:spruce_fence_gate":1,"minecraft:salmon":4,"minecraft:rail":1,"minecraft:tnt":65,"minecraft:oak_slab":325,"minecraft:crafting_table":103,"minecraft:red_bed":2,"iceandfire:dragonegg_white":1,"minecraft:white_bed":24,"minecraft:cod":1,"minecraft:spruce_log":237,"mowziesmobs:wrought_axe":1,"minecraft:oak_log":19,"minecraft:diamond_pickaxe":1050,"minecraft:iron_pickaxe":4296,"iceandfire:dragon_horn":70,"tombstone:magic_scroll":5,"mcwbridges:cobblestone_bridge_stair":5,"minecraft:spruce_sapling":211,"create:gabbro_cobblestone":25,"minecraft:cobblestone":1135,"minecraft:potion":1,"evilcraft:dark_tank":1,"minecraft:cooked_porkchop":5,"minecraft:porkchop":2,"minecraft:glass_pane":64,"quark:oak_chest":7,"minecraft:dandelion":1,"mcwfences:spruce_stockade_fence":99,"minecraft:jukebox":4,"minecraft:iron_shovel":670,"minecraft:shield":100,"minecraft:iron_sword":293,"minecraft:nether_wart":10,"minecraft:grass":2,"minecraft:player_head":1,"minecraft:mutton":5,"minecraft:carrot":103,"iceandfire:frozen_stone":20,"minecraft:music_disc_13":1,"minecraft:obsidian":15,"minecraft:honey_bottle":34,"iceandfire:dread_torch":2,"mowziesmobs:naga_fang_dagger":1,"minecraft:bricks":29,"minecraft:lantern":50,"twilightforest:moonworm":3,"tconstruct:broad_axe":2,"minecraft:stone_bricks":3,"quark:smooth_basalt":8,"minecraft:item_frame":6,"minecraft:written_book":2,"mcwfurnitures:spruce_lower_triple_drawer":4,"minecraft:skeleton_skull":1,"tombstone:smoke_ball":49,"iceandfire:pixie_jar_empty":1,"minecraft:stone_pickaxe":179,"minecraft:oak_planks":101,"minecraft:ender_pearl":1,"minecraft:sandstone":17,"minecraft:sugar_cane":64,"minecraft:blue_bed":3,"minecraft:white_wool":12,"mca:male_zombie_villager_spawn_egg":4,"minecraft:crossbow":102,"minecraft:shears":8,"sophisticatedbackpacks:backpack":2,"mcwdoors:spruce_bark_glass_door":6,"minecraft:bread":508,"tombstone:grave_key":11,"minecraft:gravel":18,"iceandfire:ice_dragon_flesh":9,"alexsmobs:cooked_moose_ribs":3,"iceandfire:dragon_skull_fire":19,"minecraft:andesite":8,"iceandfire:troll_weapon_column_forest":139,"iceandfire:dragonegg_red":2,"minecraft:air":10,"minecraft:bone_meal":1115,"minecraft:golden_pickaxe":45,"minecraft:experience_bottle":74,"evilcraft:dark_ore":2,"minecraft:oak_fence":1,"sophisticatedbackpacks:iron_backpack":8,"minecraft:flint_and_steel":2,"minecraft:spruce_planks":1439,"minecraft:ender_chest":1,"minecraft:stone_hoe":44,"minecraft:oak_door":6,"minecraft:dirt":674,"alexsmobs:maraca":169,"minecraft:white_carpet":23,"alexsmobs:moose_ribs":2,"minecraft:spruce_stairs":108,"minecraft:cobblestone_wall":4,"evilcraft:undead_log":2,"minecraft:spruce_fence":79,"iceandfire:dragonsteel_lightning_axe":16,"alexsmobs:maggot":9,"minecraft:bookshelf":11,"quark:spruce_chest":13,"quark:slate":42,"evilcraft:box_of_eternal_closure":4,"evilcraft:flesh_humanoid":7,"minecraft:golden_carrot":28,"minecraft:cooked_beef":5,"minecraft:cooked_mutton":7,"iceandfire:fire_dragon_flesh":16,"minecraft:cobblestone_stairs":17,"minecraft:polished_andesite":2,"minecraft:baked_potato":252,"mcwroofs:cobblestone_top_roof":4,"evilcraft:blood_infuser":1,"iceandfire:dread_knight_sword":210,"minecraft:spruce_sign":6,"minecraft:cobblestone_slab":50,"minecraft:terracotta":5,"minecraft:spider_eye":1,"minecraft:painting":33,"minecraft:smoker":3,"tconstruct:sky_slime_dirt":4,"tombstone:bag_of_seeds":6,"minecraft:flower_pot":5,"iceandfire:dragonegg_black":1,"minecraft:black_wool":1,"minecraft:apple":17,"minecraft:chicken":9,"iceandfire:ash":1,"iceandfire:dragonsteel_ice_axe":21,"quark:root_item":35,"iceandfire:silver_hoe":11,"minecraft:fishing_rod":46,"minecraft:stone_axe":116,"minecraft:white_banner":1,"minecraft:bucket":313,"minecraft:yellow_bed":6,"minecraft:wither_rose":2},"minecraft:dropped":{"iceandfire:chared_stone":6,"sophisticatedbackpacks:iron_backpack":2,"iceandfire:troll_weapon_column_forest":4,"minecraft:iron_sword":10,"minecraft:porkchop":6,"minecraft:cooked_beef":10,"minecraft:glass_bottle":18,"minecraft:diamond":5,"minecraft:crafting_table":85,"minecraft:cooked_porkchop":3,"minecraft:dark_oak_slab":3,"iceandfire:dragonforge_ice_input":1,"minecraft:crossbow":5,"mowziesmobs:ice_crystal":1,"minecraft:orange_tulip":3,"iceandfire:frozen_dirt":5,"iceandfire:ectoplasm":3,"minecraft:cracked_stone_bricks":8,"mowziesmobs:barako_mask":1,"minecraft:red_mushroom":3,"minecraft:gold_block":14,"minecraft:dirt":481,"minecraft:grass":2,"mcwwindows:window_base":4,"iceandfire:dread_sword":2,"quark:cobbled_deepslate":179,"minecraft:chain":4,"minecraft:gold_nugget":55,"minecraft:bone_block":13,"minecraft:phantom_membrane":12,"minecraft:sand":94,"tconstruct:sky_slime_ball":128,"minecraft:sugar":2,"minecraft:iron_pickaxe":17,"minecraft:fermented_spider_eye":4,"minecraft:white_wool":23,"minecraft:bone":367,"minecraft:music_disc_blocks":1,"minecraft:sugar_cane":2,"minecraft:iron_nugget":9,"alexsmobs:animal_dictionary":1,"minecraft:nether_brick":40,"iceandfire:dragonarmor_iron_tail":1,"mca:book_blueprint":1,"minecraft:wheat":55,"minecraft:obsidian":1,"tombstone:gift":1,"minecraft:rotten_flesh":271,"minecraft:enchanted_golden_apple":3,"iceandfire:dragonarmor_iron_body":3,"minecraft:glowstone_dust":48,"minecraft:azure_bluet":1,"iceandfire:frozen_grass":5,"iceandfire:crackled_gravel":1,"minecraft:salmon":1,"iceandfire:copper_ore":5,"alexsmobs:cachalot_whale_tooth":2,"evilcraft:flesh_humanoid":6,"iceandfire:dragonscales_blue":154,"iceandfire:sapphire_gem":3,"minecraft:tipped_arrow":3,"minecraft:leather_boots":2,"minecraft:acacia_sapling":2,"iceandfire:dragon_meal":274,"evilcraft:hardened_blood_shard":9,"iceandfire:dragonarmor_iron_head":2,"minecraft:white_dye":1,"minecraft:spruce_slab":8,"minecraft:beef":147,"minecraft:stone_brick_stairs":1,"iceandfire:manuscript":41,"minecraft:crimson_planks":1,"farmersdelight:tomato_seeds":3,"minecraft:enchanted_book":8,"minecraft:iron_ingot":174,"minecraft:wheat_seeds":879,"minecraft:tnt":1,"evilcraft:condensed_blood":40,"minecraft:golden_horse_armor":1,"minecraft:book":16,"minecraft:iron_helmet":3,"minecraft:feather":40,"minecraft:cobblestone":1381,"minecraft:prismarine_crystals":7,"iceandfire:dread_stone_stairs":1,"iceandfire:dragon_stick":1,"minecraft:apple":3,"iceandfire:sea_serpent_scales_green":1,"minecraft:spruce_door":2,"minecraft:coal":72,"minecraft:golden_apple":2,"minecraft:polished_andesite":12,"minecraft:pufferfish":2,"minecraft:cobweb":28,"iceandfire:deathworm_chitin_red":4,"twilightforest:twilight_oak_wood":1,"minecraft:gray_wool":1,"minecraft:golden_carrot":4,"iceandfire:copper_nugget":4,"minecraft:rabbit":1,"minecraft:rose_bush":5,"minecraft:cooked_salmon":3,"minecraft:potion":5,"minecraft:oak_stairs":1,"minecraft:heart_of_the_sea":1,"minecraft:white_banner":1,"minecraft:red_dye":5,"minecraft:paper":10,"minecraft:chainmail_leggings":1,"minecraft:string":78,"mcwroofs:cobblestone_steep_roof":1,"iceandfire:dragon_skull_fire":3,"minecraft:spruce_sapling":277,"iceandfire:frozen_cobblestone":45,"iceandfire:silver_nugget":120,"minecraft:furnace":1,"minecraft:bricks":10,"iceandfire:dragonarmor_iron_neck":1,"minecraft:stone_sword":4,"minecraft:cobblestone_wall":1,"tetra:geode":7,"minecraft:chicken":1,"minecraft:white_carpet":1,"evilcraft:box_of_eternal_closure":3,"minecraft:clay_ball":28,"minecraft:iron_boots":3,"iceandfire:dragon_skull_ice":1,"minecraft:name_tag":3,"minecraft:light_gray_concrete":2,"minecraft:nether_bricks":7,"minecraft:shears":1,"minecraft:blast_furnace":1,"minecraft:diamond_sword":12,"minecraft:cobblestone_slab":1,"minecraft:potato":45,"minecraft:cyan_wool":1,"minecraft:stone":6,"alexsmobs:cockroach_wing_fragment":1,"tconstruct:broad_axe":1,"minecraft:spruce_planks":43,"minecraft:diamond_pickaxe":1,"iceandfire:silver_ingot":62,"minecraft:stone_bricks":48,"minecraft:spider_eye":30,"minecraft:bamboo":181,"minecraft:sandstone":27,"minecraft:bow":16,"minecraft:magenta_dye":2,"minecraft:red_tulip":2,"iceandfire:dragon_skull_lightning":1,"minecraft:black_wool":1,"create:gabbro_cobblestone":23,"minecraft:brown_mushroom":2,"minecraft:oak_log":1,"minecraft:baked_potato":104,"minecraft:golden_pickaxe":1,"minecraft:ender_pearl":7,"minecraft:dark_oak_sapling":1,"quark:marble":6,"minecraft:stripped_birch_wood":1,"iceandfire:chared_dirt":6,"iceandfire:ice_dragon_flesh":1,"minecraft:leather":297,"iceandfire:gorgon_head":1,"artifacts:flippers":1,"minecraft:music_disc_13":1,"farmersdelight:rice":2,"minecraft:flint":2,"iceandfire:graveyard_soil":10,"minecraft:cod":3,"minecraft:cobblestone_stairs":2,"tombstone:bag_of_seeds":7,"minecraft:dark_oak_log":1,"evilcraft:vengeance_focus":1,"minecraft:packed_ice":2,"tconstruct:materials_and_you":1,"minecraft:jungle_button":4,"iceandfire:armor_silver_metal_leggings":1,"minecraft:mutton":5,"minecraft:cut_sandstone":2,"minecraft:snowball":381,"farmersdelight:onion":26,"iceandfire:ash":2,"minecraft:birch_log":1,"iceandfire:dread_shard":89,"minecraft:gold_ingot":336,"minecraft:gravel":136,"tconstruct:cobalt_ore":2,"alexsmobs:capsid":7,"iceandfire:stymphalian_bird_feather":35,"minecraft:blackstone":25,"minecraft:andesite_slab":1,"tconstruct:sky_slime_sapling":3,"iceandfire:frozen_stone":30,"minecraft:honey_bottle":4,"evilcraft:poison_sac":2,"twilightforest:torchberries":16,"minecraft:infested_stone_bricks":25,"minecraft:carrot":1,"minecraft:chainmail_chestplate":2,"minecraft:poppy":2,"minecraft:rabbit_hide":3,"minecraft:gunpowder":26,"minecraft:beetroot_seeds":1,"minecraft:melon_seeds":7,"minecraft:spruce_pressure_plate":1,"iceandfire:pixie_dust":1,"minecraft:chest":2,"minecraft:chainmail_boots":4,"create:zinc_ore":2,"minecraft:basalt":7,"minecraft:iron_ore":7,"tetra:modular_double":1,"minecraft:iron_bars":1,"minecraft:arrow":70,"iceandfire:chared_grass":1,"mca:book_rose_gold":1,"minecraft:netherrack":24,"minecraft:water_bucket":1,"minecraft:bread":113,"minecraft:lilac":1,"minecraft:diamond_leggings":2,"minecraft:poisonous_potato":3,"minecraft:prismarine_shard":4,"minecraft:golden_axe":1,"evilcraft:dark_gem":4,"minecraft:spruce_stairs":8,"quark:slate":757,"tombstone:ankh_of_pray":1,"minecraft:stick":50,"iceandfire:dragon_flute":3,"mcwdoors:spruce_bark_glass_door":1,"mca:wedding_ring":1,"evilcraft:blood_extractor":3,"farmersdelight:golden_knife":1,"minecraft:torch":151,"twilightforest:spiral_bricks":3,"iceandfire:silver_sword":5,"minecraft:smooth_quartz":8,"minecraft:brown_wool":1,"tconstruct:copper_ore":23,"iceandfire:dragonegg_white":1,"minecraft:fire_charge":2,"iceandfire:armor_silver_metal_chestplate":1,"tombstone:grave_dust":277,"minecraft:iron_leggings":2,"evilcraft:dark_spike":10,"minecraft:granite_slab":6,"iceandfire:crackled_grass":1,"iceandfire:ice_dragon_heart":2,"minecraft:iron_axe":6,"iceandfire:dragon_bone_block":2,"minecraft:dandelion":1,"iceandfire:dragonbone":36,"minecraft:redstone":16,"minecraft:sweet_berries":1,"minecraft:kelp":16,"alexsmobs:maggot":8,"minecraft:nether_wart":16,"minecraft:chiseled_quartz_block":2,"iceandfire:lightning_dragon_heart":1,"alexsmobs:tarantula_hawk_wing_fragment":4,"tconstruct:skyroot_log":39,"iceandfire:witherbone":8,"farmersdelight:cabbage_seeds":6,"iceandfire:dragonegg_blue":1,"minecraft:flint_and_steel":1,"minecraft:filled_map":4,"quark:smooth_basalt":13,"minecraft:shield":1,"minecraft:diamond_chestplate":1,"minecraft:iron_chestplate":5,"minecraft:andesite":288,"minecraft:mossy_stone_bricks":25,"minecraft:oak_boat":1,"minecraft:oak_sapling":13,"tombstone:essence_of_undeath":4,"minecraft:spruce_log":14,"artifacts:cross_necklace":2,"minecraft:slime_ball":39,"minecraft:stone_pickaxe":8,"minecraft:wooden_pickaxe":1},"minecraft:custom":{"minecraft:interact_with_crafting_table":366,"minecraft:open_barrel":130,"minecraft:bell_ring":3,"minecraft:leave_game":41,"minecraft:time_since_death":28468,"minecraft:damage_blocked_by_shield":2353,"minecraft:deaths":130,"tombstone:tomb_raiding":1,"minecraft:jump":47880,"minecraft:enchant_item":2,"minecraft:interact_with_furnace":273,"minecraft:play_record":5,"minecraft:traded_with_villager":12,"minecraft:sleep_in_bed":51,"tombstone:sneak_grave":1,"minecraft:damage_dealt":503542,"tombstone:undead_killed":1173,"minecraft:interact_with_smoker":65,"minecraft:inspect_dispenser":2,"minecraft:horse_one_cm":379,"minecraft:interact_with_anvil":25,"minecraft:damage_dealt_absorbed":254,"minecraft:sneak_time":97888,"minecraft:interact_with_blast_furnace":7,"tombstone:raider_killed":196,"minecraft:interact_with_stonecutter":4,"minecraft:time_since_rest":28215,"tombstone:cast_on_ally":5,"minecraft:swim_one_cm":478548,"minecraft:fly_one_cm":12810789,"minecraft:open_chest":1268,"minecraft:fish_caught":26,"minecraft:fall_one_cm":1504936,"minecraft:animals_bred":86,"minecraft:sprint_one_cm":7036447,"minecraft:drop":2680,"minecraft:talked_to_villager":3,"minecraft:interact_with_brewingstand":1,"minecraft:walk_on_water_one_cm":1049237,"minecraft:play_one_minute":2616311,"minecraft:open_enderchest":107,"minecraft:player_kills":10,"minecraft:crouch_one_cm":323990,"tombstone:villager_killed":2,"minecraft:mob_kills":2198,"minecraft:damage_dealt_resisted":1529,"minecraft:climb_one_cm":113279,"minecraft:walk_one_cm":6352244,"minecraft:raid_win":1,"minecraft:walk_under_water_one_cm":631346,"minecraft:boat_one_cm":16523,"minecraft:raid_trigger":2,"minecraft:pot_flower":5,"minecraft:interact_with_grindstone":1,"minecraft:damage_taken":2147483647,"minecraft:trigger_trapped_chest":26},"minecraft:killed_by":{"minecraft:ravager":1,"minecraft:vindicator":1,"minecraft:zombie":1,"mowziesmobs:frostmaw":3,"minecraft:wolf":3,"minecraft:stray":2,"iceandfire:dread_thrall":1,"iceandfire:hydra":2,"alexsmobs:tarantula_hawk":1,"iceandfire:ghost":2,"mowziesmobs:naga":1,"minecraft:zombified_piglin":3,"minecraft:wither_skeleton":1,"iceandfire:cyclops":2,"minecraft:creeper":13,"alexsmobs:enderiophage":2,"minecraft:drowned":1,"iceandfire:dread_lich":1,"iceandfire:stymphalian_bird":1,"iceandfire:sea_serpent":6,"iceandfire:ice_dragon":22,"minecraft:witch":1,"iceandfire:fire_dragon":4,"iceandfire:dread_beast":3,"minecraft:player":5,"iceandfire:dread_scuttler":1,"iceandfire:deathworm":1,"iceandfire:dread_knight":3,"mowziesmobs:ferrous_wroughtnaut":3,"iceandfire:gorgon":5,"minecraft:skeleton":19,"iceandfire:troll":1},"minecraft:killed":{"alexsmobs:lobster":12,"minecraft:cave_spider":8,"iceandfire:hippogryph":2,"iceandfire:gorgon":2,"mowziesmobs:barako":1,"alexsmobs:enderiophage":10,"alexsmobs:shoebill":1,"minecraft:cod":25,"iceandfire:stymphalian_bird":3,"mowziesmobs:frostmaw":1,"minecraft:skeleton":684,"minecraft:chicken":8,"alexsmobs:straddler":2,"alexsmobs:centipede_head":1,"iceandfire:dread_scuttler":2,"minecraft:magma_cube":1,"minecraft:parrot":1,"minecraft:salmon":18,"minecraft:pillager":103,"minecraft:zombie":283,"alexsmobs:roadrunner":1,"mca:male_villager":1,"iceandfire:lightning_dragon":1,"iceandfire:dread_ghoul":24,"iceandfire:sea_serpent":6,"minecraft:cow":148,"mca:female_zombie_villager":4,"minecraft:evoker":6,"mca:male_zombie_villager":4,"minecraft:vindicator":39,"quark:toretoise":2,"iceandfire:dread_beast":43,"mowziesmobs:ferrous_wroughtnaut":1,"iceandfire:dread_knight":16,"iceandfire:siren":2,"twilightforest:death_tome":3,"mowziesmobs:barakoaya":12,"iceandfire:cyclops":2,"minecraft:rabbit":8,"quark:frog":2,"twilightforest:kobold":1,"minecraft:ravager":6,"alexsmobs:crocodile":2,"iceandfire:ghost":24,"iceandfire:ice_dragon":3,"alexsmobs:platypus":1,"minecraft:enderman":15,"alexsmobs:hummingbird":1,"minecraft:zombified_piglin":24,"minecraft:witch":26,"minecraft:spider":102,"quark:crab":1,"minecraft:silverfish":25,"alexsmobs:kangaroo":1,"artifacts:mimic":1,"minecraft:wolf":1,"minecraft:piglin":1,"minecraft:pig":10,"quark:stoneling":1,"alexsmobs:stradpole":2,"iceandfire:hydra":1,"minecraft:creeper":82,"twilightforest:skeleton_druid":8,"minecraft:sheep":18,"minecraft:stray":82,"alexsmobs:fly":9,"iceandfire:pixie":1,"minecraft:blaze":4,"minecraft:vex":30,"alexsmobs:tarantula_hawk":3,"minecraft:slime":27,"mowziesmobs:barakoa_sunblocker":5,"minecraft:phantom":19,"iceandfire:dread_thrall":14,"iceandfire:fire_dragon":4,"minecraft:drowned":2,"iceandfire:deathworm":2,"quark:foxhound":2,"iceandfire:amphithere":1,"iceandfire:troll":1,"minecraft:squid":2,"alexsmobs:cockroach":2,"alexsmobs:moose":4,"alexsmobs:crow":9,"minecraft:wither_skeleton":10,"minecraft:villager":1}},"DataVersion":2586}