{"stats":{"minecraft:mined":{"create:dolomite":20,"mahoutsukai:spell_cloth":7,"minecraft:jungle_leaves":3,"minecraft:obsidian":79,"twilightforest:naga_stone":2,"minecraft:granite":5,"minecraft:acacia_log":8,"minecraft:stone_brick_wall":1,"minecraft:hopper":8,"minecraft:nether_wart":30,"minecraft:spawner":13,"minecraft:polished_blackstone_bricks":12,"minecraft:tall_seagrass":6,"minecraft:magma_block":2,"minecraft:barrel":2,"minecraft:fire":140,"tconstruct:cobalt_ore":39,"minecraft:pumpkin":1,"tconstruct:seared_melter":2,"minecraft:enchanting_table":1,"iceandfire:gold_pile":3,"minecraft:spruce_pressure_plate":1,"quark:limestone":26,"minecraft:iron_block":1,"create:limestone":36,"farmersdelight:wild_potatoes":8,"minecraft:cut_sandstone":8,"twilightforest:etched_nagastone_mossy":1,"quark:gold_bars":2,"minecraft:torch":12,"minecraft:dark_oak_wood":1,"iceandfire:sapphire_ore":3,"mahoutsukai:mahoujin":1,"minecraft:sugar_cane":21,"minecraft:damaged_anvil":1,"iceandfire:crackled_stone":1,"tconstruct:seared_faucet":3,"minecraft:wheat":128,"minecraft:lilac":1,"iceandfire:dragonforge_ice_input":2,"create:gabbro":53,"minecraft:stone_brick_stairs":2,"create:weathered_limestone":142,"minecraft:wither_rose":1,"minecraft:grass":215,"create:zinc_ore":5,"iceandfire:silver_ore":5,"minecraft:mossy_cobblestone":42,"farmersdelight:wild_carrots":8,"tetra:block_geode":8,"quark:cobbled_deepslate":37,"minecraft:nether_bricks":42,"minecraft:jungle_planks":1,"twilightforest:mushgloom":1,"minecraft:redstone_ore":86,"minecraft:snow":4,"minecraft:andesite":3,"iceandfire:chared_gravel":1,"twilightforest:twilight_oak_leaves":10,"quark:smooth_basalt":133,"minecraft:potatoes":17,"minecraft:vine":2,"tconstruct:copper_ore":3,"minecraft:oak_slab":4,"minecraft:glass_pane":1,"minecraft:soul_sand":2,"minecraft:dandelion":5,"minecraft:emerald_ore":14,"minecraft:tall_grass":50,"tconstruct:seared_ingot_tank":2,"farmersdelight:wild_tomatoes":1,"minecraft:warped_wart_block":1,"minecraft:red_terracotta":4,"minecraft:spruce_log":192,"minecraft:birch_leaves":22,"quark:deepslate":611,"iceandfire:silver_pile":3,"minecraft:sunflower":1,"minecraft:gravel":225,"minecraft:cobweb":33,"minecraft:chipped_anvil":4,"tconstruct:sky_congealed_slime":13,"minecraft:stone_bricks":3,"quark:root":40,"minecraft:gold_ore":51,"minecraft:infested_stone":11,"minecraft:fern":4,"minecraft:spruce_planks":8,"minecraft:stone_pressure_plate":10,"minecraft:cobblestone_stairs":1,"minecraft:brewing_stand":4,"create:weathered_limestone_cobblestone":3,"minecraft:grass_block":94,"minecraft:cracked_polished_blackstone_bricks":9,"tetra:forged_crate":1,"iceandfire:dread_spawner":20,"minecraft:soul_soil":6,"minecraft:polished_diorite":5,"tconstruct:seared_table":4,"iceandfire:crackled_cobblestone":2,"minecraft:smooth_stone":1,"minecraft:glowstone":12,"minecraft:iron_ore":319,"create:copper_ore":14,"minecraft:spruce_slab":13,"iceandfire:chared_cobblestone":7,"minecraft:blackstone":116,"tetra:scroll_rolled":8,"minecraft:orange_terracotta":8,"minecraft:clay":59,"iceandfire:dragon_ice_spikes":5,"minecraft:chest":2,"quark:stone_speleothem":5,"minecraft:poppy":16,"minecraft:mushroom_stem":70,"minecraft:nether_quartz_ore":73,"minecraft:cobblestone":127,"create:gabbro_cobblestone":3,"minecraft:oak_planks":10,"minecraft:wall_torch":32,"minecraft:seagrass":2,"minecraft:warped_nylium":20,"quark:marble":8,"minecraft:stripped_oak_wood":1,"minecraft:tnt":4,"minecraft:oak_log":71,"minecraft:sand":362,"minecraft:dirt":131,"tconstruct:crafting_station":1,"tconstruct:seared_heater":2,"minecraft:netherrack":3384,"minecraft:oak_leaves":41,"iceandfire:chared_stone":7,"minecraft:nether_gold_ore":2,"minecraft:diamond_ore":26,"mahoutsukai:mahoujin_projector":4,"iceandfire:frozen_cobblestone":11,"create:natural_scoria":6,"iceandfire:frozen_stone":15,"iceandfire:chared_dirt":6,"minecraft:spruce_leaves":196,"iceandfire:dragonforge_ice_brick":14,"minecraft:sandstone":154,"iceandfire:chared_grass":2,"minecraft:large_fern":3,"minecraft:hay_block":3,"minecraft:furnace":4,"minecraft:carrots":21,"iceandfire:copper_ore":4,"iceandfire:dragon_bone_block":1,"evilcraft:dark_ore":15,"minecraft:gold_block":2,"minecraft:bookshelf":33,"minecraft:packed_ice":1,"minecraft:stone":1078,"quark:cobbled_deepslate_slab":6,"iceandfire:pixie_jar_empty":1,"twilightforest:naga_stone_head":1,"minecraft:acacia_leaves":1,"minecraft:snow_block":63,"minecraft:basalt":639,"minecraft:crafting_table":10,"tconstruct:seared_basin":5,"minecraft:lapis_ore":41,"minecraft:spruce_stairs":3,"twilightforest:moonworm":2,"minecraft:birch_planks":1,"ironfurnaces:diamond_furnace":1,"minecraft:sweet_berry_bush":11,"minecraft:ice":7,"minecraft:yellow_bed":5,"minecraft:grass_path":1,"evilcraft:blood_stain":2,"minecraft:coal_ore":1162,"quark:monster_box":4,"minecraft:cracked_stone_bricks":1,"minecraft:mossy_stone_bricks":1},"minecraft:picked_up":{"twilightforest:lich_trophy":1,"minecraft:iron_chestplate":15,"minecraft:chainmail_boots":3,"iceandfire:copper_ore":6,"minecraft:lead":2,"minecraft:diamond_sword":11,"twilightforest:naga_trophy":1,"minecraft:wither_rose":1,"minecraft:enchanted_book":10,"minecraft:golden_shovel":1,"create:limestone_cobblestone":91,"minecraft:brewing_stand":4,"twilightforest:shield_scepter":1,"iceandfire:manuscript":81,"minecraft:string":347,"minecraft:soul_soil":6,"quark:cobbled_deepslate_slab":6,"alexsmobs:emu_feather":1,"tconstruct:ingot_cast":1,"minecraft:diamond_leggings":1,"minecraft:gold_nugget":360,"twilightforest:etched_nagastone_mossy":3,"minecraft:spruce_planks":21,"iceandfire:dragonforge_ice_brick":9,"quark:root_item":68,"minecraft:coal_block":3,"mahoutsukai:hammer":1,"mca:wedding_ring":2,"minecraft:spruce_pressure_plate":4,"mahoutsukai:scroll_treasury_projection":1,"minecraft:acacia_log":10,"iceandfire:silver_ore":4,"iceandfire:lightning_dragon_flesh":39,"tconstruct:seared_faucet":3,"alexsmobs:centipede_leg":2,"minecraft:stone_sword":11,"artifacts:villager_hat":1,"create:scoria":5,"farmersdelight:onion":1,"iceandfire:deathworm_chitin_yellow":2,"iceandfire:fire_dragon_heart":8,"minecraft:iron_block":1,"farmersdelight:rope":17,"minecraft:blaze_rod":22,"minecraft:snowball":284,"quark:marble":8,"alexsmobs:lobster_tail":1,"minecraft:birch_log":9,"iceandfire:dragonscales_black":26,"iceandfire:sapphire_gem":4,"minecraft:magma_block":2,"minecraft:feather":49,"minecraft:cooked_beef":170,"minecraft:water_bucket":13,"minecraft:brown_wool":2,"minecraft:flint":24,"tetra:forged_bolt":1,"minecraft:lantern":1,"twilightforest:canopy_sapling":1,"minecraft:chipped_anvil":4,"tetra:scroll_rolled":9,"tconstruct:seared_table":4,"minecraft:rabbit":2,"minecraft:diamond_helmet":1,"minecraft:glowstone_dust":34,"iceandfire:dragonscales_amythest":53,"twilightforest:mushgloom":1,"minecraft:warped_wart_block":1,"minecraft:barrel":2,"iceandfire:dragon_skull_fire":17,"iceandfire:shiny_scales":11,"minecraft:stripped_spruce_log":8,"iceandfire:lightning_dragon_heart":5,"minecraft:fermented_spider_eye":8,"minecraft:red_terracotta":4,"minecraft:dark_oak_log":7,"alexsmobs:animal_dictionary":2,"iceandfire:chared_cobblestone":103,"quark:cobbled_deepslate":654,"minecraft:iron_hoe":5,"minecraft:polished_andesite":4,"alexsmobs:kangaroo_hide":1,"minecraft:dispenser":1,"alexsmobs:guster_eye":4,"iceandfire:crackled_stone":41,"iceandfire:troll_weapon_axe":1,"minecraft:granite":10,"minecraft:chainmail_helmet":4,"mahoutsukai:guidebook":1,"iceandfire:gorgon_head":3,"alexsmobs:maggot":3,"minecraft:diamond_pickaxe":4,"iceandfire:dragon_skull_lightning":12,"minecraft:crafting_table":10,"minecraft:nether_wart":40,"iceandfire:witherbone":44,"minecraft:clay_ball":280,"minecraft:leather_leggings":1,"tconstruct:materials_and_you":1,"tombstone:scroll_of_preservation":1,"iceandfire:frozen_grass":3,"iceandfire:dragonegg_silver":4,"minecraft:iron_shovel":12,"iceandfire:bestiary":2,"minecraft:cracked_stone_bricks":10,"minecraft:beef":64,"iceandfire:dread_shard":46,"twilightforest:naga_scale":11,"minecraft:poppy":40,"ironfurnaces:diamond_furnace":2,"minecraft:spruce_slab":20,"twilightforest:naga_stone":9,"iceandfire:dragonscales_electric":148,"minecraft:chest":3,"minecraft:birch_sapling":3,"minecraft:egg":4,"minecraft:sandstone":155,"minecraft:oak_door":1,"alexsmobs:straddlite":1,"sophisticatedbackpacks:backpack":4,"minecraft:spruce_fence":1,"minecraft:fire_charge":3,"farmersdelight:tomato_seeds":1,"minecraft:carrot":346,"minecraft:redstone":651,"mahoutsukai:powdered_diamond":2,"minecraft:prismarine_crystals":6,"iceandfire:dragon_skull_ice":3,"iceandfire:dragonegg_electric":1,"minecraft:tnt":1,"tconstruct:sky_slime_ball":54,"minecraft:diamond_chestplate":1,"minecraft:beetroot_seeds":4,"minecraft:diamond_boots":1,"minecraft:hay_block":4,"iceandfire:dragonscales_silver":115,"tombstone:essence_of_undeath":3,"minecraft:gold_ingot":5,"minecraft:mutton":13,"minecraft:bone_block":8,"minecraft:white_wool":19,"minecraft:rail":7,"quark:music_disc_wind":1,"minecraft:oxeye_daisy":1,"minecraft:stripped_oak_log":1,"minecraft:red_glazed_terracotta":1,"minecraft:red_mushroom":2,"minecraft:acacia_wood":63,"minecraft:filled_map":2,"create:weathered_limestone_cobblestone":149,"minecraft:oak_log":81,"minecraft:lily_pad":12,"minecraft:golden_boots":4,"mahoutsukai:scroll_fay_sight":2,"iceandfire:dragonscales_blue":330,"quark:limestone":24,"minecraft:paper":14,"tombstone:gift":1,"mowziesmobs:barako_mask":1,"twilightforest:etched_nagastone_weathered":2,"iceandfire:pixie_jar_empty":1,"tconstruct:seared_heater":2,"minecraft:apple":1,"minecraft:stone_bricks":22,"minecraft:kelp":1,"alexsmobs:cockroach_wing_fragment":1,"minecraft:iron_ore":381,"minecraft:cobweb":10,"tombstone:bag_of_seeds":7,"artifacts:steadfast_spikes":1,"minecraft:glass_bottle":4,"minecraft:iron_sword":20,"iceandfire:chared_stone":49,"iceandfire:copper_nugget":106,"twilightforest:nagastone_pillar":7,"tconstruct:copper_ore":8,"minecraft:sweet_berries":49,"minecraft:gravel":246,"minecraft:spruce_sapling":53,"minecraft:spruce_log":269,"iceandfire:dragonscales_copper":35,"iceandfire:dragon_flute":1,"tetra:geode":7,"minecraft:stone_axe":2,"minecraft:polished_diorite":5,"iceandfire:silver_sword":4,"tconstruct:cobalt_ore":39,"quark:root":6,"minecraft:painting":27,"iceandfire:dragonforge_ice_input":2,"tconstruct:seared_melter":2,"iceandfire:ice_dragon_flesh":22,"minecraft:warped_roots":1,"twilightforest:spiral_bricks":29,"minecraft:baked_potato":141,"farmersdelight:cooked_salmon_slice":16,"minecraft:melon_seeds":4,"minecraft:warped_nylium":1,"minecraft:hopper":7,"minecraft:ender_pearl":11,"minecraft:wheat":163,"create:dolomite_cobblestone":76,"mowziesmobs:barakoa_mask_faith":1,"tconstruct:pickaxe_head_cast":1,"iceandfire:myrmex_jungle_chitin":5,"minecraft:stone_brick_stairs":17,"minecraft:crimson_planks":2,"minecraft:smooth_stone_slab":7,"minecraft:iron_leggings":17,"mahoutsukai:spell_cloth":3,"minecraft:zombie_head":5,"iceandfire:sea_serpent_scales_bronze":9,"alexsmobs:dropbear_claw":3,"minecraft:smooth_stone":1,"minecraft:bucket":5,"minecraft:rose_bush":3,"minecraft:cobblestone_slab":6,"minecraft:iron_pickaxe":16,"alexsmobs:raccoon_tail":3,"minecraft:iron_boots":11,"minecraft:furnace":8,"iceandfire:pixie_dust":2,"minecraft:tipped_arrow":4,"minecraft:stick":90,"twilightforest:cooked_venison":2,"iceandfire:crackled_dirt":12,"minecraft:torch":526,"minecraft:spruce_stairs":4,"iceandfire:dragonscales_white":78,"tconstruct:tough_handle":1,"iceandfire:dread_sword":1,"alexsmobs:lobster_bucket":2,"minecraft:porkchop":7,"twilightforest:nagastone_pillar_weathered":5,"iceandfire:crackled_gravel":23,"tombstone:grave_dust":81,"minecraft:diorite":8,"twilightforest:nagastone_pillar_mossy":6,"iceandfire:troll_weapon_column_forest":2,"minecraft:rotten_flesh":298,"farmersdelight:tree_bark":9,"iceandfire:crackled_grass":3,"iceandfire:myrmex_desert_chitin":1,"evilcraft:condensed_blood":20,"minecraft:enchanting_table":1,"minecraft:obsidian":90,"minecraft:cod":2,"minecraft:cobblestone":1403,"tconstruct:seared_bricks":1,"minecraft:lilac":1,"minecraft:magma_cream":5,"minecraft:andesite":229,"minecraft:potato":433,"minecraft:magenta_dye":5,"evilcraft:flesh_humanoid":5,"tconstruct:pickaxe_head":1,"create:gabbro_cobblestone":136,"minecraft:wither_skeleton_skull":3,"minecraft:lapis_lazuli":345,"minecraft:dirt":360,"iceandfire:dragonscales_bronze":116,"minecraft:name_tag":3,"minecraft:leather_boots":2,"minecraft:glass":2,"minecraft:bone":264,"create:copper_ore":20,"farmersdelight:iron_knife":3,"iceandfire:myrmex_jungle_resin":15,"minecraft:bow":24,"minecraft:wheat_seeds":680,"minecraft:mossy_stone_bricks":14,"minecraft:oak_planks":55,"tconstruct:necrotic_bone":134,"minecraft:cooked_porkchop":115,"tetra:modular_double":1,"twilightforest:moonworm":3,"minecraft:poisonous_potato":7,"mahoutsukai:mahoujin_projector":8,"minecraft:sand":409,"minecraft:jungle_planks":1,"evilcraft:sanguinary_pedestal_0":1,"minecraft:grass_block":1,"iceandfire:frozen_dirt":15,"minecraft:mossy_cobblestone":42,"iceandfire:dragonegg_red":2,"quark:gold_bars":6,"iceandfire:dragon_bone_block":1,"minecraft:clay":41,"twilightforest:twilight_oak_sapling":35,"minecraft:diamond":31,"tconstruct:seared_ingot_tank":2,"minecraft:sugar":2,"tconstruct:seared_basin":5,"twilightforest:naga_stone_head":2,"minecraft:spruce_boat":2,"minecraft:cracked_polished_blackstone_bricks":5,"minecraft:crossbow":3,"mahoutsukai:dagger":1,"minecraft:bone_meal":8,"minecraft:golden_apple":1,"alexsmobs:moose_ribs":2,"minecraft:emerald":36,"minecraft:oak_sapling":23,"minecraft:netherrack":1126,"iceandfire:silver_nugget":160,"twilightforest:torchberries":8,"iceandfire:copper_ingot":3,"minecraft:fishing_rod":1,"tconstruct:crafting_station":1,"minecraft:allium":3,"minecraft:azure_bluet":2,"minecraft:chicken":3,"minecraft:ladder":2,"minecraft:brown_mushroom":9,"minecraft:packed_ice":4,"minecraft:wooden_pickaxe":2,"mca:book_rose_gold":3,"minecraft:gold_block":15,"iceandfire:frozen_cobblestone":36,"minecraft:chain":6,"iceandfire:frozen_stone":67,"minecraft:iron_axe":11,"minecraft:item_frame":1,"minecraft:blackstone":154,"iceandfire:amythest_gem":3,"minecraft:oak_boat":13,"create:zinc_ore":24,"minecraft:observer":1,"minecraft:sugar_cane":52,"iceandfire:ice_dragon_heart":3,"minecraft:dark_oak_sapling":3,"iceandfire:dragonbone":520,"iceandfire:dragonscales_gray":71,"iceandfire:dragonscales_green":131,"iceandfire:troll_tusk":1,"evilcraft:origins_of_darkness":3,"minecraft:polished_blackstone_bricks":11,"twilightforest:nagastone_stairs_left":2,"iceandfire:dragonegg_amythest":1,"minecraft:iron_horse_armor":1,"minecraft:stone_pressure_plate":7,"alexsmobs:crocodile_scute":3,"farmersdelight:cooked_cod_slice":4,"iceandfire:blindfold":1,"iceandfire:silver_ingot":10,"minecraft:arrow":127,"iceandfire:cyclops_eye":2,"minecraft:nether_bricks":42,"quark:smooth_basalt":100,"twilightforest:etched_nagastone":18,"iceandfire:chared_dirt":12,"artifacts:cross_necklace":3,"minecraft:skeleton_skull":2,"iceandfire:dragonegg_green":1,"minecraft:air":0,"minecraft:basalt":586,"minecraft:salmon":5,"minecraft:cut_sandstone":4,"minecraft:leather":167,"minecraft:birch_planks":1,"twilightforest:nagastone_stairs_weathered_right":1,"artifacts:superstitious_hat":3,"iceandfire:ectoplasm":8,"minecraft:gunpowder":28,"minecraft:cobblestone_wall":1,"minecraft:yellow_bed":5,"iceandfire:dragonegg_gray":2,"minecraft:cobblestone_stairs":4,"mca:book_romance":2,"quark:forgotten_hat":1,"minecraft:orange_terracotta":8,"minecraft:cooked_mutton":42,"minecraft:rabbit_hide":1,"minecraft:heart_of_the_sea":1,"minecraft:iron_ingot":196,"quark:tallow":69,"minecraft:cooked_chicken":49,"minecraft:stripped_oak_wood":51,"minecraft:soul_sand":2,"iceandfire:fire_dragon_flesh":55,"minecraft:acacia_sapling":5,"iceandfire:crackled_cobblestone":15,"minecraft:book":101,"quark:blue_blossom_sapling":3,"minecraft:oak_slab":15,"minecraft:pumpkin":1,"minecraft:chiseled_stone_bricks":2,"iceandfire:ash":5,"minecraft:dandelion":7,"minecraft:quartz":69,"minecraft:gold_ore":100,"artifacts:scarf_of_invisibility":1,"minecraft:spider_eye":146,"mowziesmobs:naga_fang":1,"minecraft:chainmail_leggings":2,"evilcraft:dark_gem":68,"minecraft:iron_helmet":15,"tombstone:magic_scroll":7,"minecraft:damaged_anvil":1,"minecraft:black_wool":3,"minecraft:dark_oak_wood":2,"iceandfire:chared_gravel":1,"minecraft:coal":1598},"minecraft:broken":{"minecraft:iron_boots":4,"iceandfire:armor_black_chestplate":1,"minecraft:iron_chestplate":2,"iceandfire:armor_blue_helmet":2,"minecraft:iron_leggings":3,"minecraft:chainmail_boots":1,"minecraft:diamond_pickaxe":1,"minecraft:iron_sword":1,"quark:forgotten_hat":1,"minecraft:bow":1,"iceandfire:armor_black_boots":1,"minecraft:chainmail_leggings":1,"iceandfire:armor_black_helmet":1,"minecraft:chainmail_helmet":1,"minecraft:iron_axe":1,"minecraft:iron_pickaxe":5,"minecraft:iron_helmet":4,"minecraft:iron_shovel":2,"iceandfire:armor_black_leggings":1,"minecraft:stone_pickaxe":1,"minecraft:stone_axe":1,"iceandfire:armor_blue_boots":1,"iceandfire:armor_copper_metal_helmet":1},"minecraft:crafted":{"minecraft:oak_sign":3,"iceandfire:dragonarmor_iron_head":1,"minecraft:blaze_powder":8,"iceandfire:silver_shovel":1,"tconstruct:broad_blade":2,"mahoutsukai:dagger":1,"quark:acacia_bookshelf":2,"tconstruct:seared_melter":1,"minecraft:glass":93,"minecraft:diamond_helmet":1,"minecraft:diamond_leggings":1,"iceandfire:armor_black_helmet":1,"tconstruct:broad_axe_head":2,"iceandfire:dragonbone_arrow":740,"tconstruct:seared_ingot_tank":1,"minecraft:magenta_dye":2,"tconstruct:pickaxe_head":3,"tconstruct:tough_handle":4,"minecraft:glass_bottle":12,"minecraft:cooked_porkchop":3,"farmersdelight:iron_knife":1,"tconstruct:tool_handle":1,"iceandfire:wither_shard":177,"mahoutsukai:spell_cloth":12,"mahoutsukai:powdered_diamond":5,"minecraft:stone_slab":6,"quark:oak_chest":7,"minecraft:iron_pickaxe":8,"minecraft:iron_block":31,"minecraft:gold_ingot":57,"iceandfire:dragon_horn":1,"iceandfire:silver_sword":1,"minecraft:golden_carrot":25,"tconstruct:part_builder":1,"minecraft:jukebox":1,"create:copper_ingot":0,"iceandfire:dragonarmor_iron_body":1,"mahoutsukai:powdered_emerald":1,"iceandfire:dragon_flute":2,"tconstruct:seared_basin":1,"minecraft:bone_meal":72,"minecraft:spruce_fence":3,"tconstruct:tinker_station":1,"iceandfire:silver_pile":3,"minecraft:spruce_slab":12,"minecraft:stone_pickaxe":2,"minecraft:diamond_boots":1,"minecraft:spruce_boat":2,"minecraft:redstone_block":31,"quark:spruce_chest":5,"iceandfire:armor_black_chestplate":1,"tetra:modular_double":1,"minecraft:coal_block":107,"iceandfire:dragonbone_sword":2,"ironchest:wood_to_iron_chest_upgrade":3,"minecraft:enchanting_table":1,"tconstruct:part_chest":1,"iceandfire:armor_black_boots":1,"mcwbridges:bridge_torch":2,"minecraft:bone":136,"tconstruct:seared_heater":2,"mahoutsukai:mahoujin_projector":1,"minecraft:chainmail_boots":1,"mcwfurnitures:spruce_counter":1,"minecraft:iron_shovel":3,"minecraft:iron_leggings":4,"tconstruct:grout":360,"mcwfurnitures:spruce_chair":1,"minecraft:grindstone":1,"iceandfire:dragonarmor_iron_neck":1,"minecraft:oak_planks":384,"minecraft:barrel":1,"iceandfire:armor_blue_helmet":3,"minecraft:cooked_chicken":2,"minecraft:stone":3,"tconstruct:tool_binding":3,"minecraft:spruce_pressure_plate":4,"minecraft:bow":3,"minecraft:iron_boots":5,"iceandfire:dragonbone_sword_lightning":1,"tconstruct:broad_axe":6,"minecraft:mossy_cobblestone_slab":18,"tconstruct:seared_brick":228,"mahoutsukai:hammer":1,"iceandfire:armor_blue_boots":2,"minecraft:ender_eye":7,"minecraft:golden_boots":1,"minecraft:smoker":1,"minecraft:oak_slab":36,"minecraft:item_frame":1,"sophisticatedbackpacks:backpack":3,"minecraft:crafting_table":7,"iceandfire:blindfold":1,"minecraft:spruce_planks":484,"minecraft:wooden_pickaxe":1,"minecraft:iron_helmet":5,"minecraft:baked_potato":262,"iceandfire:dragonbone_bow":2,"farmersdelight:cutting_board":1,"minecraft:book":1,"minecraft:iron_chestplate":5,"minecraft:purple_dye":2,"minecraft:paper":6,"minecraft:diamond_pickaxe":4,"iceandfire:armor_blue_leggings":2,"minecraft:emerald_block":18,"minecraft:shield":1,"minecraft:stick":368,"minecraft:iron_ingot":319,"minecraft:stone_sword":1,"minecraft:snow_block":63,"tconstruct:seared_bricks":66,"tconstruct:seared_fuel_gauge":1,"minecraft:shears":1,"tconstruct:pattern":21,"mahoutsukai:guidebook":1,"iceandfire:armor_blue_chestplate":3,"iceandfire:dragon_stick":1,"mahoutsukai:powdered_eye":7,"minecraft:furnace":3,"mahoutsukai:attuner":1,"minecraft:iron_axe":4,"minecraft:iron_hoe":1,"tconstruct:seared_table":1,"mahoutsukai:powdered_gold":6,"minecraft:cooked_beef":34,"minecraft:red_dye":9,"minecraft:cooked_cod":2,"iceandfire:armor_black_leggings":1,"iceandfire:copper_ingot":0,"minecraft:diamond_sword":1,"alexsmobs:cooked_lobster_tail":1,"iceandfire:dragon_meal":50,"minecraft:iron_sword":3,"minecraft:cooked_salmon":5,"minecraft:bucket":4,"quark:cobbled_deepslate_slab":12,"minecraft:stone_axe":1,"tconstruct:seared_drain":1,"tconstruct:sky_congealed_slime":7,"minecraft:air":0,"minecraft:blue_dye":2,"minecraft:oak_boat":3,"quark:spruce_bookshelf":3,"minecraft:white_wool":3,"minecraft:gold_nugget":216,"tconstruct:crafting_station":1,"tconstruct:seared_faucet":2,"minecraft:anvil":1,"iceandfire:dragonarmor_iron_tail":1,"minecraft:acacia_planks":32,"minecraft:torch":1056,"mca:wedding_ring":1,"minecraft:lapis_block":28,"minecraft:lapis_lazuli":36,"minecraft:clay":57,"ironchest:iron_chest":2},"minecraft:used":{"mahoutsukai:mahoujin_projector":7,"quark:cobbled_deepslate":267,"minecraft:spruce_slab":15,"minecraft:poppy":6,"minecraft:chest":1,"mcwfurnitures:spruce_counter":1,"twilightforest:canopy_sapling":1,"minecraft:rotten_flesh":13,"ironchest:iron_chest":2,"iceandfire:frozen_grass":3,"twilightforest:etched_nagastone":2,"minecraft:spruce_boat":4,"minecraft:packed_ice":4,"minecraft:lava_bucket":1,"iceandfire:crackled_gravel":2,"minecraft:grass_block":1,"minecraft:birch_sapling":1,"tconstruct:seared_faucet":4,"create:zinc_ore":1,"minecraft:oak_sapling":11,"minecraft:sweet_berries":34,"iceandfire:chared_stone":8,"tconstruct:tinkers_anvil":1,"minecraft:cooked_cod":5,"minecraft:bow":62,"minecraft:furnace":6,"minecraft:potato":128,"iceandfire:frozen_cobblestone":25,"minecraft:mossy_stone_bricks":3,"minecraft:damaged_anvil":1,"minecraft:blackstone":38,"minecraft:wooden_pickaxe":3,"minecraft:clay":1,"iceandfire:frozen_dirt":13,"minecraft:golden_apple":10,"minecraft:sand":70,"tetra:modular_double":1,"iceandfire:lightning_dragon_flesh":27,"minecraft:diamond_sword":1607,"minecraft:coal_block":3,"tconstruct:seared_ingot_tank":3,"minecraft:oak_boat":14,"iceandfire:dragonegg_silver":1,"ironchest:wood_to_iron_chest_upgrade":3,"minecraft:enchanting_table":1,"minecraft:stone_sword":78,"iceandfire:silver_sword":344,"quark:spruce_bookshelf":13,"minecraft:netherrack":415,"minecraft:torch":1023,"tconstruct:seared_drain":1,"minecraft:brewing_stand":2,"minecraft:anvil":1,"ironfurnaces:diamond_furnace":1,"tetra:scroll_rolled":8,"minecraft:polished_diorite":2,"tconstruct:seared_heater":2,"minecraft:chipped_anvil":3,"mcwfurnitures:spruce_chair":1,"minecraft:iron_axe":555,"carryon:entity_item":9,"minecraft:barrel":6,"minecraft:basalt":171,"create:dolomite_cobblestone":12,"twilightforest:moonworm_queen":13,"tombstone:gift":4,"minecraft:orange_terracotta":3,"minecraft:acacia_planks":13,"minecraft:wheat_seeds":2,"farmersdelight:iron_knife":12,"minecraft:water_bucket":143,"iceandfire:crackled_stone":1,"iceandfire:dragon_skull_lightning":2,"minecraft:gold_ore":2,"minecraft:cracked_stone_bricks":1,"iceandfire:chared_dirt":6,"minecraft:tnt":6,"minecraft:crafting_table":16,"minecraft:oak_slab":37,"create:weathered_limestone_cobblestone":21,"minecraft:spruce_log":1,"minecraft:oak_log":29,"minecraft:diamond_pickaxe":7209,"minecraft:diamond_shovel":39,"tconstruct:part_chest":1,"minecraft:iron_pickaxe":1655,"tconstruct:seared_table":5,"iceandfire:dragon_horn":18,"minecraft:spruce_pressure_plate":6,"tombstone:magic_scroll":1,"minecraft:spruce_sapling":47,"tconstruct:seared_melter":2,"minecraft:cobblestone":467,"minecraft:potion":2,"minecraft:porkchop":3,"create:gabbro_cobblestone":16,"minecraft:cooked_porkchop":51,"minecraft:dandelion":4,"quark:oak_chest":6,"minecraft:jukebox":1,"minecraft:iron_shovel":577,"minecraft:oak_sign":2,"minecraft:shield":40,"minecraft:iron_sword":531,"minecraft:mutton":2,"artifacts:umbrella":3088,"quark:cobbled_deepslate_slab":18,"farmersdelight:cooked_cod_slice":4,"minecraft:nether_bricks":42,"minecraft:carrot":134,"iceandfire:frozen_stone":37,"minecraft:obsidian":20,"quark:root":6,"minecraft:honey_bottle":20,"alexsmobs:cooked_lobster_tail":1,"twilightforest:cooked_venison":2,"twilightforest:moonworm":3,"minecraft:dark_oak_wood":1,"minecraft:mossy_cobblestone_slab":18,"minecraft:stone_bricks":3,"quark:smooth_basalt":8,"minecraft:item_frame":1,"carryon:tile_item":9,"farmersdelight:cutting_board":1,"tconstruct:smeltery_controller":1,"twilightforest:naga_trophy":1,"minecraft:stone_pickaxe":158,"minecraft:oak_planks":203,"minecraft:ender_pearl":3,"minecraft:sandstone":6,"minecraft:sugar_cane":17,"minecraft:white_wool":1,"iceandfire:dragonbone_sword_lightning":314,"sophisticatedbackpacks:backpack":1,"iceandfire:dragonbone_sword":52,"minecraft:bread":33,"tombstone:grave_key":43,"minecraft:gravel":13,"iceandfire:dragon_skull_fire":6,"minecraft:grindstone":1,"tconstruct:crafting_station":2,"iceandfire:troll_weapon_column_forest":188,"minecraft:bone_meal":30,"minecraft:experience_bottle":3,"mahoutsukai:spell_cloth":10,"minecraft:flint_and_steel":2,"minecraft:spruce_planks":14,"minecraft:cooked_chicken":13,"minecraft:oak_door":1,"minecraft:dirt":218,"minecraft:hopper":4,"alexsmobs:moose_ribs":2,"minecraft:spruce_stairs":2,"tconstruct:seared_bricks":62,"minecraft:granite":2,"minecraft:iron_hoe":84,"iceandfire:crackled_dirt":3,"farmersdelight:cooked_salmon_slice":5,"tconstruct:tinker_station":1,"evilcraft:flesh_humanoid":2,"iceandfire:silver_pile":1,"minecraft:golden_carrot":40,"alexsmobs:lobster_bucket":2,"minecraft:wolf_spawn_egg":1,"minecraft:cooked_beef":31,"tconstruct:part_builder":1,"minecraft:enchanted_golden_apple":1,"minecraft:cooked_mutton":11,"minecraft:iron_ore":6,"twilightforest:lich_trophy":1,"iceandfire:fire_dragon_flesh":28,"minecraft:polished_andesite":3,"minecraft:baked_potato":262,"iceandfire:crackled_grass":1,"iceandfire:troll_weapon_axe":4,"farmersdelight:onion":9,"quark:acacia_bookshelf":2,"minecraft:spider_eye":6,"tconstruct:seared_basin":6,"minecraft:smoker":1,"minecraft:apple":1,"iceandfire:dragonbone_bow":433,"mcwbridges:bridge_torch":2,"quark:root_item":29,"create:limestone_cobblestone":7,"minecraft:stone_axe":114,"iceandfire:chared_gravel":1,"twilightforest:nagastone_pillar":2,"minecraft:bucket":156,"minecraft:pumpkin_pie":3,"minecraft:yellow_bed":5,"alexsmobs:animal_dictionary":1,"iceandfire:silver_shovel":176},"minecraft:dropped":{"iceandfire:chared_stone":4,"iceandfire:troll_weapon_column_forest":1,"sophisticatedbackpacks:iron_backpack":1,"farmersdelight:iron_knife":1,"minecraft:iron_sword":5,"minecraft:acacia_wood":63,"minecraft:porkchop":4,"minecraft:cooked_beef":15,"minecraft:diamond":1,"quark:gold_bars":6,"minecraft:glass_bottle":13,"iceandfire:dragonforge_ice_input":2,"minecraft:crossbow":3,"iceandfire:frozen_dirt":1,"twilightforest:naga_stone":9,"minecraft:cracked_stone_bricks":9,"quark:limestone":4,"minecraft:rail":7,"minecraft:red_mushroom":2,"minecraft:item_frame":1,"minecraft:gold_block":2,"minecraft:dirt":143,"iceandfire:dread_sword":1,"iceandfire:myrmex_desert_chitin":1,"quark:cobbled_deepslate":324,"minecraft:chain":9,"alexsmobs:emu_feather":1,"minecraft:gold_nugget":124,"minecraft:bone_meal":50,"twilightforest:naga_stone_head":2,"twilightforest:nagastone_pillar_mossy":6,"minecraft:sand":45,"tconstruct:sky_slime_ball":8,"minecraft:sugar":2,"minecraft:iron_pickaxe":1,"minecraft:fermented_spider_eye":8,"alexsmobs:raccoon_tail":3,"minecraft:white_wool":18,"minecraft:bone":165,"minecraft:sugar_cane":12,"minecraft:cooked_chicken":16,"minecraft:birch_sapling":2,"minecraft:wheat":164,"tombstone:gift":4,"minecraft:rotten_flesh":263,"minecraft:oak_planks":4,"minecraft:glowstone_dust":3,"minecraft:golden_shovel":1,"minecraft:azure_bluet":2,"iceandfire:crackled_gravel":34,"iceandfire:dragonforge_ice_brick":9,"minecraft:salmon":1,"evilcraft:flesh_humanoid":33,"iceandfire:shiny_scales":11,"alexsmobs:lobster_bucket":2,"minecraft:tipped_arrow":5,"create:scoria":1,"twilightforest:nagastone_stairs_weathered_right":1,"minecraft:leather_boots":2,"iceandfire:crackled_cobblestone":19,"minecraft:acacia_sapling":5,"minecraft:leather_leggings":1,"farmersdelight:rope":17,"mahoutsukai:powdered_diamond":2,"minecraft:painting":28,"minecraft:spruce_slab":5,"minecraft:glass":4,"minecraft:beef":1,"minecraft:stone_brick_stairs":17,"iceandfire:manuscript":32,"tconstruct:seared_faucet":1,"iceandfire:dragonbone_sword":1,"minecraft:egg":2,"minecraft:crimson_planks":2,"farmersdelight:tomato_seeds":1,"minecraft:enchanted_book":11,"minecraft:golden_boots":2,"minecraft:iron_ingot":62,"minecraft:wheat_seeds":612,"minecraft:tnt":1,"evilcraft:condensed_blood":20,"minecraft:prismarine_crystals":6,"minecraft:iron_helmet":4,"minecraft:feather":45,"minecraft:cobblestone":438,"minecraft:granite":1,"twilightforest:etched_nagastone":16,"minecraft:chainmail_helmet":2,"minecraft:coal":14,"minecraft:polished_andesite":2,"mowziesmobs:barakoa_mask_faith":1,"minecraft:oxeye_daisy":1,"minecraft:cobweb":13,"iceandfire:copper_nugget":64,"quark:music_disc_wind":1,"minecraft:rabbit":1,"minecraft:rose_bush":4,"iceandfire:dragonscales_white":32,"minecraft:smooth_stone":1,"minecraft:iron_shovel":1,"minecraft:chainmail_leggings":1,"minecraft:paper":13,"minecraft:string":178,"minecraft:lily_pad":8,"create:limestone_cobblestone":33,"quark:blue_blossom_sapling":3,"minecraft:acacia_planks":1,"iceandfire:dragon_skull_fire":7,"iceandfire:dragonegg_gray":2,"minecraft:spruce_sapling":2,"iceandfire:frozen_cobblestone":18,"iceandfire:silver_nugget":32,"minecraft:furnace":2,"alexsmobs:crocodile_scute":3,"minecraft:soul_soil":6,"alexsmobs:acacia_blossom":1,"minecraft:stone_sword":11,"minecraft:cobblestone_wall":1,"minecraft:smooth_stone_slab":7,"minecraft:clay_ball":16,"minecraft:iron_boots":3,"iceandfire:dragon_skull_ice":2,"sophisticatedbackpacks:backpack":5,"minecraft:name_tag":1,"evilcraft:origins_of_darkness":3,"minecraft:spruce_fence":1,"create:weathered_limestone_cobblestone":124,"minecraft:diamond_sword":9,"minecraft:cobblestone_slab":6,"minecraft:potato":10,"minecraft:hay_block":4,"minecraft:allium":3,"alexsmobs:cockroach_wing_fragment":1,"tconstruct:broad_axe":2,"minecraft:spruce_planks":43,"minecraft:diamond_pickaxe":4,"minecraft:stone_bricks":19,"minecraft:stone_pressure_plate":4,"minecraft:spider_eye":32,"minecraft:sandstone":130,"minecraft:bow":8,"minecraft:magenta_dye":7,"iceandfire:crackled_stone":52,"minecraft:magma_block":1,"iceandfire:dragon_skull_lightning":9,"minecraft:black_wool":3,"create:gabbro_cobblestone":40,"minecraft:gold_ore":3,"alexsmobs:straddlite":1,"minecraft:soul_sand":2,"minecraft:brown_mushroom":9,"twilightforest:nagastone_stairs_left":2,"minecraft:oak_log":2,"minecraft:baked_potato":84,"minecraft:dark_oak_sapling":3,"quark:marble":8,"iceandfire:chared_dirt":4,"minecraft:leather":85,"minecraft:honeycomb":6,"minecraft:flint":3,"mowziesmobs:naga_fang":1,"minecraft:cobblestone_stairs":4,"iceandfire:copper_ingot":3,"tombstone:bag_of_seeds":8,"minecraft:dark_oak_log":1,"artifacts:superstitious_hat":3,"minecraft:dispenser":1,"iceandfire:pixie_jar_empty":1,"minecraft:mutton":11,"minecraft:dark_oak_wood":2,"minecraft:cut_sandstone":1,"minecraft:snowball":24,"iceandfire:ash":8,"farmersdelight:cooked_salmon_slice":5,"minecraft:stripped_oak_wood":1,"iceandfire:dread_shard":31,"minecraft:gold_ingot":1,"minecraft:gravel":1,"tconstruct:pattern":2,"tconstruct:cobalt_ore":35,"minecraft:red_glazed_terracotta":1,"twilightforest:nagastone_pillar_weathered":5,"quark:tallow":47,"minecraft:blackstone":55,"quark:root_item":20,"artifacts:villager_hat":1,"iceandfire:frozen_stone":62,"minecraft:cooked_mutton":3,"twilightforest:etched_nagastone_mossy":3,"twilightforest:torchberries":8,"minecraft:carrot":101,"alexsmobs:kangaroo_hide":1,"minecraft:chiseled_stone_bricks":2,"minecraft:poppy":14,"minecraft:gunpowder":14,"create:dolomite_cobblestone":26,"minecraft:skeleton_skull":2,"minecraft:beetroot_seeds":4,"minecraft:chainmail_boots":1,"iceandfire:dread_knight_sword":1,"create:zinc_ore":11,"minecraft:arrow":42,"minecraft:basalt":351,"minecraft:iron_ore":15,"tetra:modular_double":1,"artifacts:scarf_of_invisibility":1,"minecraft:quartz":5,"twilightforest:nagastone_pillar":5,"minecraft:netherrack":639,"minecraft:bread":4,"minecraft:water_bucket":5,"iceandfire:lightning_dragon_blood":1,"minecraft:oak_slab":10,"minecraft:mossy_cobblestone":33,"minecraft:poisonous_potato":2,"minecraft:observer":1,"evilcraft:dark_gem":1,"iceandfire:armor_blue_leggings":1,"twilightforest:twilight_oak_sapling":35,"minecraft:spruce_stairs":1,"minecraft:acacia_log":7,"minecraft:stick":44,"minecraft:blue_dye":1,"minecraft:diorite":12,"iceandfire:crackled_dirt":19,"iceandfire:dragonegg_red":1,"minecraft:torch":76,"twilightforest:spiral_bricks":31,"iceandfire:silver_sword":3,"tombstone:grave_key":3,"minecraft:brown_wool":2,"tconstruct:copper_ore":5,"iceandfire:dragonegg_white":1,"minecraft:zombie_head":4,"minecraft:fire_charge":3,"tombstone:grave_dust":70,"minecraft:iron_leggings":7,"iceandfire:ice_dragon_heart":1,"iceandfire:crackled_grass":3,"minecraft:iron_axe":1,"twilightforest:mushgloom":1,"artifacts:feral_claws":1,"iceandfire:dragon_bone_block":1,"iceandfire:dragonbone":168,"minecraft:polished_diorite":1,"minecraft:kelp":1,"alexsmobs:maggot":3,"minecraft:warped_nylium":1,"iceandfire:armor_blue_chestplate":1,"iceandfire:silver_ore":1,"minecraft:red_terracotta":4,"minecraft:filled_map":4,"quark:smooth_basalt":82,"iceandfire:copper_sword":1,"ironfurnaces:diamond_furnace":1,"minecraft:orange_terracotta":5,"iceandfire:chared_cobblestone":36,"minecraft:iron_chestplate":4,"minecraft:mossy_stone_bricks":11,"minecraft:oak_boat":1,"minecraft:oak_sapling":13,"twilightforest:etched_nagastone_weathered":2,"tombstone:essence_of_undeath":3,"minecraft:diamond_boots":1,"minecraft:spruce_log":40,"iceandfire:fire_dragon_heart":1,"minecraft:stone_pickaxe":1,"minecraft:wooden_pickaxe":1},"minecraft:custom":{"minecraft:interact_with_crafting_table":191,"minecraft:open_barrel":140,"minecraft:bell_ring":5,"minecraft:leave_game":44,"minecraft:time_since_death":42865,"minecraft:damage_blocked_by_shield":9349,"minecraft:deaths":185,"minecraft:jump":36881,"minecraft:enchant_item":25,"minecraft:interact_with_furnace":157,"minecraft:traded_with_villager":1,"minecraft:sleep_in_bed":18,"tombstone:sneak_grave":3,"minecraft:damage_dealt":213167,"tombstone:undead_killed":288,"minecraft:interact_with_smoker":36,"minecraft:inspect_dispenser":1,"minecraft:interact_with_anvil":23,"minecraft:damage_dealt_absorbed":460,"minecraft:sneak_time":101102,"minecraft:interact_with_blast_furnace":1,"tombstone:raider_killed":72,"minecraft:interact_with_stonecutter":1,"minecraft:time_since_rest":686,"tombstone:cast_on_ally":0,"minecraft:swim_one_cm":274646,"minecraft:fly_one_cm":10963957,"minecraft:open_chest":1143,"minecraft:fall_one_cm":991303,"minecraft:damage_resisted":28,"minecraft:sprint_one_cm":4016901,"minecraft:drop":975,"minecraft:talked_to_villager":5,"minecraft:interact_with_brewingstand":1,"minecraft:walk_on_water_one_cm":283081,"minecraft:play_one_minute":2155087,"minecraft:open_enderchest":2,"minecraft:player_kills":3,"minecraft:crouch_one_cm":202221,"minecraft:mob_kills":1261,"minecraft:damage_dealt_resisted":1756,"minecraft:climb_one_cm":29333,"minecraft:walk_one_cm":4156852,"minecraft:walk_under_water_one_cm":271202,"minecraft:boat_one_cm":121994,"minecraft:interact_with_grindstone":3,"minecraft:damage_taken":2147483647,"minecraft:damage_absorbed":803,"minecraft:trigger_trapped_chest":7},"minecraft:killed_by":{"minecraft:pillager":2,"alexsmobs:straddler":6,"tconstruct:sky_slime":1,"minecraft:magma_cube":1,"minecraft:vindicator":5,"minecraft:zombie":2,"twilightforest:naga":1,"mowziesmobs:naga":1,"minecraft:wither_skeleton":8,"iceandfire:cyclops":13,"minecraft:creeper":3,"iceandfire:dread_ghoul":3,"minecraft:piglin":2,"minecraft:cave_spider":1,"iceandfire:ice_dragon":16,"minecraft:blaze":2,"artifacts:mimic":2,"minecraft:witch":5,"iceandfire:fire_dragon":8,"iceandfire:dread_beast":3,"minecraft:player":6,"iceandfire:deathworm":2,"minecraft:spider":1,"minecraft:enderman":1,"mowziesmobs:barako":1,"quark:toretoise":1,"iceandfire:dread_knight":17,"iceandfire:gorgon":2,"minecraft:skeleton":8,"iceandfire:lightning_dragon":46},"minecraft:killed":{"alexsmobs:lobster":1,"minecraft:cave_spider":6,"iceandfire:gorgon":2,"minecraft:cod":2,"iceandfire:stymphalian_bird":2,"minecraft:skeleton":95,"twilightforest:lich":1,"minecraft:chicken":23,"alexsmobs:straddler":9,"alexsmobs:centipede_head":3,"iceandfire:dread_scuttler":5,"iceandfire:myrmex_worker":6,"minecraft:magma_cube":26,"minecraft:salmon":5,"minecraft:iron_golem":1,"minecraft:pillager":55,"minecraft:zombie":134,"iceandfire:myrmex_queen":1,"twilightforest:wild_boar":2,"alexsmobs:roadrunner":1,"iceandfire:lightning_dragon":7,"iceandfire:dread_ghoul":12,"iceandfire:sea_serpent":1,"minecraft:cow":62,"mowziesmobs:naga":8,"twilightforest:deer":1,"mca:male_zombie_villager":2,"alexsmobs:raccoon":8,"minecraft:vindicator":5,"quark:toretoise":3,"iceandfire:dread_beast":18,"iceandfire:dread_knight":6,"iceandfire:siren":2,"mowziesmobs:barakoaya":7,"minecraft:husk":1,"alexsmobs:guster":10,"iceandfire:cyclops":3,"minecraft:rabbit":2,"minecraft:wandering_trader":1,"minecraft:polar_bear":1,"alexsmobs:crocodile":1,"alexsmobs:elephant":1,"iceandfire:ghost":8,"iceandfire:ice_dragon":5,"minecraft:enderman":2,"minecraft:zombified_piglin":1,"minecraft:witch":13,"minecraft:spider":336,"minecraft:silverfish":18,"minecraft:piglin_brute":2,"artifacts:mimic":5,"minecraft:wolf":1,"minecraft:piglin":6,"minecraft:pig":30,"alexsmobs:grizzly_bear":3,"alexsmobs:stradpole":4,"minecraft:creeper":7,"twilightforest:skeleton_druid":3,"alexsmobs:warped_toad":1,"minecraft:sheep":18,"minecraft:trader_llama":2,"minecraft:ghast":1,"minecraft:stray":2,"alexsmobs:fly":1,"iceandfire:pixie":1,"minecraft:blaze":21,"alexsmobs:dropbear":2,"alexsmobs:rattlesnake":2,"mowziesmobs:barakoa_sunblocker":4,"twilightforest:naga":1,"iceandfire:dread_thrall":10,"iceandfire:fire_dragon":11,"minecraft:drowned":3,"iceandfire:deathworm":3,"iceandfire:myrmex_sentinel":1,"quark:foxhound":5,"iceandfire:troll":3,"minecraft:bat":1,"minecraft:hoglin":1,"iceandfire:myrmex_soldier":3,"alexsmobs:moose":2,"minecraft:wither_skeleton":80}},"DataVersion":2586}