{"stats":{"minecraft:mined":{"minecraft:spruce_planks":2,"minecraft:white_bed":14,"minecraft:grass_block":897,"sophisticatedbackpacks:iron_backpack":2,"minecraft:iron_ore":217,"minecraft:fire":3,"create:copper_ore":48,"minecraft:oak_sign":1,"minecraft:oak_stairs":1,"minecraft:brown_mushroom":1,"minecraft:clay":6,"minecraft:torch":5,"iceandfire:dragon_ice_spikes":42,"minecraft:poppy":4,"quark:stone_speleothem":1,"minecraft:nether_quartz_ore":5,"mahoutsukai:mahoujin":2,"minecraft:cobblestone":25,"minecraft:oak_planks":9,"minecraft:wall_torch":8,"minecraft:birch_log":52,"minecraft:wheat":102,"quark:marble":8,"minecraft:tnt":36,"quark:slate":360,"minecraft:grass":103,"minecraft:oak_log":120,"minecraft:sand":30,"minecraft:dirt":1136,"minecraft:netherrack":8,"minecraft:oak_leaves":168,"create:zinc_ore":24,"minecraft:nether_gold_ore":1,"minecraft:diamond_ore":9,"farmersdelight:onions":10,"iceandfire:silver_ore":11,"minecraft:oak_door":2,"tetra:block_geode":5,"farmersdelight:wild_carrots":2,"iceandfire:frozen_cobblestone":1,"quark:blue_blossom_leaves":15,"quark:cobbled_deepslate":2,"iceandfire:frozen_stone":4,"iceandfire:frozen_grass":3,"minecraft:spruce_leaves":873,"minecraft:large_fern":10,"minecraft:redstone_ore":28,"minecraft:spruce_sapling":2,"minecraft:carrots":41,"iceandfire:copper_ore":19,"minecraft:snow":113,"minecraft:andesite":304,"quark:smooth_basalt":10,"minecraft:peony":1,"minecraft:potatoes":49,"minecraft:lantern":15,"minecraft:stone":1274,"minecraft:white_wool":1,"tconstruct:copper_ore":2,"minecraft:red_wool":1,"minecraft:dandelion":3,"minecraft:oak_fence":7,"minecraft:cornflower":1,"minecraft:crafting_table":2,"minecraft:rose_bush":2,"minecraft:tall_grass":6,"minecraft:lapis_ore":3,"minecraft:blue_bed":3,"tconstruct:sky_slime_leaves":2,"minecraft:birch_planks":25,"minecraft:sweet_berry_bush":26,"minecraft:ice":48,"minecraft:spruce_log":495,"minecraft:birch_leaves":32,"tconstruct:skyroot_log":13,"minecraft:yellow_bed":2,"quark:deepslate":276,"minecraft:coal_ore":362,"minecraft:gravel":50,"minecraft:gold_ore":12,"minecraft:fern":9,"quark:root":2},"minecraft:picked_up":{"minecraft:wheat":256,"minecraft:chainmail_boots":2,"iceandfire:copper_ore":18,"minecraft:lead":1,"minecraft:diamond_sword":3,"iceandfire:dragonegg_white":3,"minecraft:oak_stairs":1,"minecraft:stone_brick_stairs":1,"iceandfire:manuscript":5,"minecraft:string":83,"minecraft:cooked_salmon":3,"minecraft:iron_leggings":1,"minecraft:oak_sign":1,"minecraft:diamond_leggings":2,"minecraft:gold_nugget":47,"minecraft:spruce_planks":50,"alexsmobs:cooked_moose_ribs":3,"minecraft:rose_bush":2,"minecraft:iron_pickaxe":21,"quark:root_item":13,"minecraft:smooth_quartz":8,"minecraft:enchanted_golden_apple":3,"evilcraft:blood_extractor":2,"minecraft:iron_boots":2,"minecraft:tipped_arrow":2,"minecraft:stick":142,"minecraft:oak_fence":7,"minecraft:torch":395,"iceandfire:dragonscales_white":32,"iceandfire:silver_ore":23,"minecraft:porkchop":25,"iceandfire:lightning_dragon_blood":1,"tombstone:grave_dust":16,"minecraft:stone_sword":7,"minecraft:rotten_flesh":224,"iceandfire:dragonarmor_iron_body":3,"farmersdelight:onion":27,"minecraft:cyan_terracotta":1,"minecraft:glowstone":6,"evilcraft:condensed_blood":27,"quark:marble":8,"minecraft:cod":1,"minecraft:snowball":252,"minecraft:cobblestone":1802,"minecraft:birch_log":49,"minecraft:feather":34,"minecraft:cooked_beef":6,"minecraft:water_bucket":5,"minecraft:andesite":553,"minecraft:brown_wool":4,"minecraft:smoker":1,"minecraft:potato":112,"minecraft:flint":9,"evilcraft:flesh_humanoid":11,"minecraft:lapis_lazuli":183,"minecraft:dirt":2376,"minecraft:lantern":15,"artifacts:flippers":1,"minecraft:name_tag":3,"minecraft:bone":381,"create:copper_ore":43,"minecraft:bow":1,"minecraft:wheat_seeds":256,"minecraft:rabbit":2,"minecraft:glowstone_dust":74,"iceandfire:dragon_meal":82,"minecraft:oak_planks":10,"minecraft:cooked_porkchop":4,"minecraft:jungle_planks":11,"minecraft:poisonous_potato":2,"iceandfire:dragon_skull_fire":1,"minecraft:sand":37,"iceandfire:stymphalian_bird_feather":10,"sophisticatedbackpacks:iron_backpack":10,"minecraft:jungle_slab":3,"iceandfire:dragonarmor_iron_neck":1,"iceandfire:lightning_dragon_heart":1,"iceandfire:dragonbone_sword_lightning":1,"minecraft:dark_oak_log":1,"iceandfire:frozen_dirt":6,"iceandfire:dragonegg_red":2,"quark:cobbled_deepslate":604,"alexsmobs:kangaroo_hide":1,"minecraft:diamond":25,"iceandfire:dragonegg_blue":2,"minecraft:crossbow":1,"minecraft:bone_meal":2,"minecraft:golden_apple":1,"minecraft:bread":99,"alexsmobs:maggot":3,"minecraft:oak_sapling":21,"minecraft:netherrack":18,"iceandfire:silver_nugget":90,"iceandfire:copper_ingot":2,"minecraft:fishing_rod":1,"minecraft:crafting_table":3,"minecraft:chicken":13,"minecraft:clay_ball":118,"minecraft:golden_pickaxe":1,"minecraft:brown_mushroom":9,"minecraft:wooden_pickaxe":4,"tconstruct:skyroot_log":39,"mca:book_rose_gold":2,"minecraft:gold_block":2,"iceandfire:frozen_cobblestone":4,"minecraft:chain":4,"minecraft:shield":1,"evilcraft:vengeance_focus":1,"mca:letter":2,"minecraft:cornflower":1,"iceandfire:frozen_grass":2,"iceandfire:frozen_stone":67,"minecraft:iron_axe":2,"minecraft:flint_and_steel":1,"minecraft:beef":160,"create:zinc_ore":24,"minecraft:poppy":9,"minecraft:spruce_slab":12,"farmersdelight:golden_knife":1,"minecraft:birch_sapling":6,"iceandfire:ice_dragon_heart":1,"minecraft:egg":8,"iceandfire:dragonbone":44,"minecraft:stone":60,"minecraft:oak_door":2,"iceandfire:deathworm_chitin_red":2,"iceandfire:chared_grass":1,"minecraft:carrot":93,"minecraft:redstone":452,"iceandfire:dragon_skull_ice":3,"minecraft:tnt":5,"iceandfire:silver_ingot":59,"tconstruct:sky_slime_ball":244,"minecraft:arrow":30,"minecraft:stone_shovel":2,"quark:smooth_basalt":20,"twilightforest:etched_nagastone":1,"iceandfire:dragonscales_silver":52,"minecraft:hay_block":1,"mowziesmobs:barakoa_mask_fear":2,"mowziesmobs:ice_crystal":1,"artifacts:cross_necklace":2,"minecraft:gold_ingot":67,"minecraft:white_wool":8,"minecraft:mutton":25,"minecraft:bone_block":13,"minecraft:rail":7,"quark:slate":343,"iceandfire:hydra_arrow":1,"minecraft:tripwire_hook":1,"minecraft:salmon":3,"minecraft:leather":145,"minecraft:red_glazed_terracotta":1,"alexsmobs:acacia_blossom":2,"minecraft:birch_planks":39,"minecraft:filled_map":1,"alexsmobs:cachalot_whale_tooth":1,"quark:music_disc_rain":1,"minecraft:oak_log":122,"minecraft:lily_pad":9,"minecraft:yellow_bed":2,"minecraft:gunpowder":9,"minecraft:cobblestone_stairs":1,"mca:book_romance":1,"minecraft:blue_bed":4,"minecraft:paper":6,"iceandfire:dragonarmor_iron_head":2,"minecraft:cooked_mutton":6,"minecraft:apple":5,"quark:music_disc_crickets":1,"iceandfire:dragon_stick":1,"minecraft:rabbit_hide":2,"minecraft:cooked_chicken":1,"minecraft:iron_ingot":82,"minecraft:iron_ore":339,"minecraft:stone_pickaxe":14,"quark:tallow":16,"minecraft:cobweb":57,"tombstone:bag_of_seeds":1,"minecraft:glass_bottle":2,"minecraft:iron_sword":9,"iceandfire:crackled_cobblestone":1,"quark:blue_blossom_sapling":3,"iceandfire:chared_stone":3,"minecraft:dark_oak_slab":6,"tconstruct:copper_ore":8,"minecraft:sweet_berries":89,"iceandfire:dragonbone_sword":1,"minecraft:red_wool":1,"minecraft:quartz":5,"minecraft:dandelion":18,"minecraft:gravel":183,"minecraft:spruce_sapling":140,"minecraft:white_bed":12,"minecraft:spruce_log":533,"minecraft:gold_ore":45,"quark:oak_chest":1,"minecraft:spider_eye":2,"minecraft:slime_ball":19,"tetra:geode":14,"minecraft:stone_axe":1,"iceandfire:silver_sword":6,"iceandfire:dragonforge_ice_input":1,"minecraft:gray_wool":2,"iceandfire:ice_dragon_flesh":9,"iceandfire:dragonarmor_iron_tail":1,"minecraft:baked_potato":78,"twilightforest:spiral_bricks":10,"minecraft:black_wool":1,"minecraft:dark_oak_wood":2,"minecraft:coal":877},"minecraft:broken":{"minecraft:iron_boots":1,"minecraft:stone_pickaxe":9,"minecraft:wooden_sword":1,"minecraft:stone_axe":8,"mowziesmobs:barakoa_mask_fear":1,"minecraft:stone_shovel":11,"minecraft:wooden_pickaxe":14,"minecraft:iron_pickaxe":7,"minecraft:golden_pickaxe":1},"minecraft:used":{"iceandfire:dragon_skull_ice":1,"minecraft:stone":22,"minecraft:iron_sword":276,"minecraft:rotten_flesh":6,"minecraft:carrot":199,"iceandfire:dragonegg_blue":2,"minecraft:red_wool":1,"minecraft:lantern":1,"create:zinc_ore":18,"minecraft:sweet_berries":109,"minecraft:furnace":3,"minecraft:potato":105,"minecraft:stone_pickaxe":1345,"minecraft:wooden_pickaxe":815,"minecraft:blue_bed":3,"minecraft:golden_apple":1,"iceandfire:dragonbone_sword_lightning":65,"tetra:modular_double":1,"minecraft:bread":86,"alexsmobs:cooked_moose_ribs":3,"minecraft:diamond_sword":1,"minecraft:wooden_sword":127,"iceandfire:dragonegg_red":2,"minecraft:bone_meal":2,"minecraft:golden_pickaxe":38,"iceandfire:silver_sword":94,"minecraft:stone_sword":101,"minecraft:flint_and_steel":2,"minecraft:stone_shovel":1556,"minecraft:stone_hoe":33,"minecraft:netherrack":1,"minecraft:oak_door":3,"minecraft:torch":51,"minecraft:dirt":490,"quark:spruce_chest":4,"minecraft:iron_axe":132,"quark:slate":26,"carryon:entity_item":4,"farmersdelight:cooked_salmon_slice":5,"tombstone:gift":4,"minecraft:wheat_seeds":126,"minecraft:cooked_mutton":1,"minecraft:birch_planks":119,"minecraft:baked_potato":70,"minecraft:brown_mushroom":1,"minecraft:stonecutter":1,"farmersdelight:onion":48,"minecraft:crafting_table":4,"iceandfire:dragonegg_white":2,"minecraft:white_bed":10,"minecraft:spruce_log":11,"tombstone:bag_of_seeds":1,"minecraft:apple":8,"minecraft:iron_pickaxe":2165,"iceandfire:dragon_horn":72,"minecraft:spruce_sapling":76,"minecraft:stone_axe":1083,"iceandfire:crackled_cobblestone":1,"minecraft:cobblestone":120,"minecraft:cooked_porkchop":3,"minecraft:yellow_bed":2,"quark:oak_chest":3},"minecraft:crafted":{"iceandfire:dragonarmor_iron_neck":1,"minecraft:oak_planks":238,"iceandfire:dragonarmor_iron_head":1,"minecraft:cooked_chicken":6,"quark:birch_ladder":34,"minecraft:stone":205,"minecraft:cooked_mutton":7,"cfm:white_sofa":2,"iceandfire:dragonbone_sword_lightning":1,"minecraft:stone_hoe":2,"minecraft:cooked_porkchop":1,"minecraft:crafting_table":2,"minecraft:wooden_pickaxe":14,"minecraft:baked_potato":20,"minecraft:birch_planks":162,"minecraft:stone_brick_stairs":14400,"iceandfire:armor_white_helmet":1,"minecraft:stick":274,"quark:oak_chest":5,"minecraft:iron_ingot":98,"minecraft:iron_pickaxe":4,"minecraft:iron_block":14,"minecraft:stone_sword":3,"minecraft:gold_ingot":12,"iceandfire:dragon_horn":2,"minecraft:wooden_sword":4,"minecraft:oak_door":3,"minecraft:stone_shovel":11,"quark:vertical_birch_planks":2,"create:copper_ingot":43,"minecraft:furnace":3,"minecraft:stone_pickaxe":20,"quark:spruce_chest":4,"tetra:modular_double":1,"iceandfire:copper_ingot":9,"mca:engagement_ring":1,"iceandfire:silver_ingot":6,"iceandfire:dragon_meal":60,"minecraft:iron_sword":1,"minecraft:stone_axe":7,"minecraft:glowstone":17,"minecraft:stonecutter":1,"iceandfire:dragonarmor_iron_tail":1,"mca:wedding_ring":2,"create:zinc_ingot":2},"minecraft:dropped":{"iceandfire:chared_stone":2,"sophisticatedbackpacks:iron_backpack":1,"minecraft:iron_sword":1,"minecraft:brown_mushroom":2,"minecraft:cooked_beef":1,"minecraft:oak_log":10,"minecraft:baked_potato":15,"minecraft:diamond":10,"mca:letter":1,"quark:marble":1,"minecraft:dark_oak_slab":6,"iceandfire:frozen_dirt":5,"minecraft:rail":18,"farmersdelight:rice":6,"minecraft:cobblestone_stairs":1,"minecraft:dirt":1752,"evilcraft:vengeance_focus":1,"minecraft:dark_oak_log":1,"minecraft:cornflower":1,"minecraft:dark_oak_wood":2,"iceandfire:dragon_horn":1,"minecraft:snowball":290,"minecraft:gold_nugget":7,"minecraft:sand":9,"tconstruct:sky_slime_ball":301,"minecraft:iron_pickaxe":1,"minecraft:blue_bed":1,"minecraft:bone":96,"minecraft:gold_ingot":24,"minecraft:gravel":10,"minecraft:red_glazed_terracotta":1,"quark:tallow":4,"minecraft:detector_rail":3,"minecraft:wheat":3,"minecraft:birch_sapling":6,"minecraft:rotten_flesh":31,"minecraft:enchanted_golden_apple":1,"minecraft:white_bed":1,"iceandfire:frozen_grass":2,"minecraft:carrot":12,"minecraft:salmon":3,"evilcraft:flesh_humanoid":8,"minecraft:poppy":8,"minecraft:chainmail_boots":2,"create:zinc_ore":2,"minecraft:spruce_slab":24,"minecraft:iron_ore":77,"minecraft:arrow":1,"minecraft:beef":31,"minecraft:stone_brick_stairs":30,"iceandfire:chared_grass":1,"minecraft:stone_hoe":1,"minecraft:iron_ingot":10,"minecraft:bread":1,"minecraft:wheat_seeds":36,"minecraft:poisonous_potato":2,"minecraft:diamond_leggings":1,"iceandfire:hydra_arrow":1,"minecraft:oak_fence":2,"minecraft:feather":16,"minecraft:cobblestone":226,"minecraft:apple":5,"twilightforest:etched_nagastone":1,"minecraft:coal":66,"quark:slate":219,"minecraft:cobweb":38,"minecraft:torch":5,"twilightforest:spiral_bricks":10,"minecraft:smooth_quartz":8,"minecraft:rose_bush":2,"minecraft:brown_wool":1,"tombstone:grave_dust":14,"minecraft:oak_stairs":1,"minecraft:iron_axe":2,"minecraft:string":1,"minecraft:lily_pad":9,"minecraft:spruce_sapling":12,"minecraft:dandelion":9,"iceandfire:dragonbone":6,"alexsmobs:acacia_blossom":2,"tconstruct:skyroot_log":39,"minecraft:stone_shovel":1,"iceandfire:silver_ore":17,"minecraft:name_tag":1,"minecraft:flint_and_steel":1,"minecraft:diamond_sword":1,"minecraft:stone":6,"minecraft:andesite":215,"iceandfire:silver_ingot":4,"minecraft:oak_sapling":23,"minecraft:spruce_log":205,"artifacts:cross_necklace":1,"minecraft:slime_ball":6,"minecraft:stone_pickaxe":2,"minecraft:black_wool":1},"minecraft:custom":{"minecraft:animals_bred":64,"minecraft:interact_with_crafting_table":92,"minecraft:open_barrel":3,"minecraft:bell_ring":3,"minecraft:leave_game":60,"minecraft:time_since_death":77585,"minecraft:sprint_one_cm":5582800,"minecraft:drop":1475,"minecraft:deaths":53,"minecraft:jump":11033,"minecraft:walk_on_water_one_cm":157655,"minecraft:interact_with_furnace":129,"minecraft:play_one_minute":2162707,"minecraft:sleep_in_bed":54,"minecraft:open_enderchest":9,"minecraft:damage_dealt":17123,"minecraft:player_kills":2,"minecraft:crouch_one_cm":159551,"tombstone:undead_killed":40,"tombstone:villager_killed":1,"minecraft:horse_one_cm":2680,"minecraft:interact_with_anvil":3,"minecraft:mob_kills":268,"minecraft:climb_one_cm":1911,"minecraft:walk_one_cm":4620265,"minecraft:sneak_time":57358,"minecraft:walk_under_water_one_cm":54295,"tombstone:raider_killed":1,"minecraft:interact_with_stonecutter":11,"minecraft:interact_with_grindstone":1,"minecraft:time_since_rest":9191,"minecraft:damage_taken":24118,"minecraft:swim_one_cm":47092,"minecraft:fly_one_cm":1053444,"minecraft:open_chest":244,"minecraft:fall_one_cm":191453},"minecraft:killed_by":{"minecraft:zombified_piglin":1,"minecraft:creeper":7,"alexsmobs:snow_leopard":1,"iceandfire:dread_lich":1,"alexsmobs:crocodile":1,"iceandfire:ice_dragon":14,"minecraft:witch":1,"minecraft:zombie":4,"iceandfire:fire_dragon":1,"minecraft:player":6,"minecraft:wolf":1,"mowziesmobs:ferrous_wroughtnaut":1,"minecraft:skeleton":5,"alexsmobs:moose":4,"iceandfire:troll":1},"minecraft:killed":{"alexsmobs:lobster":9,"mowziesmobs:barako":1,"minecraft:spider":16,"alexsmobs:snow_leopard":2,"minecraft:cod":33,"tconstruct:sky_slime":9,"minecraft:skeleton":5,"minecraft:chicken":14,"minecraft:wolf":3,"minecraft:pig":10,"minecraft:salmon":14,"minecraft:creeper":8,"minecraft:sheep":15,"minecraft:pillager":1,"minecraft:zombie":44,"alexsmobs:cachalot_whale":1,"minecraft:stray":3,"alexsmobs:fly":2,"minecraft:cow":27,"alexsmobs:raccoon":1,"alexsmobs:seagull":1,"mowziesmobs:barakoa_sunblocker":3,"twilightforest:death_tome":1,"mowziesmobs:barakoaya":1,"minecraft:bat":3,"alexsmobs:moose":8,"mca:female_villager":1}},"DataVersion":2586}