{"stats":{"minecraft:used":{"minecraft:stone_sword":6,"minecraft:stone_pickaxe":2,"minecraft:stone_axe":14,"alexsmobs:animal_dictionary":1},"minecraft:dropped":{"mca:book_romance":1,"alexsmobs:animal_dictionary":1,"mca:book_rose_gold":1},"minecraft:picked_up":{"minecraft:stick":6,"minecraft:crafting_table":1,"mca:book_rose_gold":1,"minecraft:oak_log":8,"mca:book_romance":1,"alexsmobs:animal_dictionary":2,"minecraft:string":4,"minecraft:rotten_flesh":2,"minecraft:beef":3,"minecraft:oak_sapling":1,"minecraft:oak_planks":44,"minecraft:cobblestone":33,"minecraft:furnace":1},"minecraft:custom":{"minecraft:time_since_rest":5005,"minecraft:interact_with_furnace":1,"minecraft:sprint_one_cm":16074,"minecraft:damage_taken":350,"minecraft:walk_one_cm":19441,"minecraft:mob_kills":3,"minecraft:drop":3,"minecraft:damage_dealt":552,"minecraft:swim_one_cm":1762,"minecraft:interact_with_crafting_table":4,"minecraft:fly_one_cm":33565,"minecraft:open_chest":7,"minecraft:crouch_one_cm":453,"minecraft:play_one_minute":12319,"minecraft:deaths":1,"minecraft:sneak_time":177,"minecraft:walk_under_water_one_cm":364,"minecraft:jump":225,"minecraft:walk_on_water_one_cm":1209,"minecraft:leave_game":2,"minecraft:time_since_death":4967,"minecraft:fall_one_cm":7886},"minecraft:crafted":{"minecraft:oak_planks":16,"minecraft:stick":4,"minecraft:stone_pickaxe":1,"minecraft:stone_sword":1,"minecraft:stone_axe":1},"minecraft:mined":{"minecraft:tall_seagrass":1,"minecraft:furnace":1,"minecraft:crafting_table":1,"minecraft:oak_log":8,"minecraft:tall_grass":1,"minecraft:stone":1,"minecraft:oak_leaves":11},"minecraft:killed":{"minecraft:zombie":2,"minecraft:cow":1}},"DataVersion":2586}