{"stats":{"minecraft:killed":{"minecraft:cave_spider":1,"minecraft:spider":7,"tconstruct:sky_slime":8,"minecraft:skeleton":2,"iceandfire:dread_thrall":2,"minecraft:salmon":3,"minecraft:creeper":1,"minecraft:sheep":2,"minecraft:pillager":1,"minecraft:zombie":10,"minecraft:stray":1,"alexsmobs:moose":1,"minecraft:cow":7},"minecraft:mined":{"minecraft:diamond_ore":1,"minecraft:farmland":1,"minecraft:white_bed":12,"minecraft:oak_sapling":1,"iceandfire:silver_ore":1,"tetra:block_geode":1,"quark:blue_blossom_leaves":25,"minecraft:stone_brick_wall":1,"minecraft:spruce_fence":5,"minecraft:grass_block":451,"minecraft:spruce_leaves":621,"farmersdelight:wild_onions":1,"minecraft:redstone_ore":4,"minecraft:oak_trapdoor":4,"minecraft:spruce_sapling":5,"minecraft:furnace":1,"minecraft:iron_ore":105,"minecraft:snow":53,"minecraft:andesite":349,"minecraft:stripped_spruce_log":1,"create:copper_ore":5,"quark:smooth_basalt":9,"minecraft:potatoes":114,"minecraft:vine":2,"minecraft:oak_stairs":23,"minecraft:lantern":2,"minecraft:stone":963,"minecraft:blue_orchid":3,"farmersdelight:wild_potatoes":1,"tconstruct:copper_ore":3,"minecraft:brown_mushroom":2,"minecraft:lily_of_the_valley":2,"minecraft:dandelion":4,"minecraft:clay":3,"minecraft:torch":18,"minecraft:crafting_table":25,"minecraft:poppy":9,"quark:stone_speleothem":1,"minecraft:rose_bush":7,"minecraft:tall_grass":3,"minecraft:cobblestone":2,"minecraft:lapis_ore":5,"minecraft:lily_pad":2,"minecraft:oak_planks":35,"minecraft:blue_bed":3,"minecraft:wall_torch":17,"minecraft:stone_brick_stairs":11,"minecraft:birch_log":8,"minecraft:wheat":20,"minecraft:spruce_log":1170,"minecraft:birch_leaves":9,"minecraft:ice":18,"minecraft:lilac":11,"minecraft:white_wall_banner":1,"minecraft:grass_path":1,"quark:deepslate":263,"minecraft:yellow_bed":3,"quark:slate":3,"minecraft:grass":49,"minecraft:coal_ore":218,"minecraft:oak_log":439,"minecraft:gravel":39,"minecraft:sand":1,"minecraft:dirt":660,"minecraft:netherrack":1,"minecraft:gold_ore":24,"minecraft:oak_leaves":147,"minecraft:fern":1,"quark:root":1},"minecraft:crafted":{"mcwtrpdoors:oak_ranch_trapdoor":2,"minecraft:oak_planks":1556,"minecraft:stone_shovel":7,"minecraft:stone_brick_wall":221,"minecraft:fishing_rod":1,"minecraft:furnace":1,"minecraft:stone":66,"minecraft:spruce_fence":84,"minecraft:cooked_mutton":1,"minecraft:oak_trapdoor":44,"minecraft:iron_axe":1,"minecraft:stone_pickaxe":5,"mcwtrpdoors:spruce_ranch_trapdoor":2,"quark:spruce_chest":2,"minecraft:stone_bricks":23,"minecraft:cooked_beef":1,"minecraft:cooked_cod":3,"minecraft:wooden_shovel":1,"minecraft:crafting_table":1,"minecraft:spruce_planks":152,"minecraft:baked_potato":199,"alexsmobs:cooked_moose_ribs":1,"minecraft:stone_axe":13,"minecraft:stone_brick_stairs":203,"minecraft:iron_pickaxe":1,"quark:oak_chest":1,"minecraft:stick":36,"minecraft:iron_ingot":3,"minecraft:oak_stairs":52,"minecraft:torch":80},"minecraft:dropped":{"minecraft:gold_ore":6,"tetra:scroll_rolled":1,"minecraft:baked_potato":104,"minecraft:glass_bottle":2,"minecraft:feather":2,"minecraft:cobblestone":233,"minecraft:apple":1,"tombstone:ankh_of_pray":1,"minecraft:flint":2,"minecraft:pufferfish":6,"minecraft:cobweb":10,"minecraft:dirt":45,"minecraft:mutton":2,"iceandfire:silver_sword":1,"iceandfire:armor_silver_metal_leggings":1,"minecraft:snowball":31,"iceandfire:armor_silver_metal_chestplate":1,"quark:cobbled_deepslate":298,"tombstone:grave_dust":2,"minecraft:bone_block":20,"tconstruct:sky_slime_ball":6,"quark:blue_blossom_sapling":4,"quark:oak_chest":1,"minecraft:bone":5,"minecraft:dandelion":1,"minecraft:gravel":22,"minecraft:stone_axe":1,"tconstruct:skyroot_log":13,"tconstruct:sky_slime_sapling":1,"minecraft:stone_shovel":3,"minecraft:rotten_flesh":15,"minecraft:oak_planks":32,"minecraft:enchanted_golden_apple":2,"evilcraft:flesh_humanoid":1,"minecraft:poppy":7,"quark:smooth_basalt":14,"minecraft:stone":3,"minecraft:andesite":307,"iceandfire:silver_ingot":55,"minecraft:spruce_log":2,"minecraft:iron_ore":19,"minecraft:arrow":2,"minecraft:stone_pickaxe":2},"minecraft:broken":{"minecraft:wooden_shovel":1,"minecraft:stone_pickaxe":8,"minecraft:stone_axe":8,"minecraft:iron_sword":1,"minecraft:iron_pickaxe":5,"minecraft:stone_shovel":5},"minecraft:custom":{"minecraft:mob_kills":68,"minecraft:animals_bred":4,"minecraft:interact_with_crafting_table":78,"minecraft:open_barrel":4,"minecraft:bell_ring":16,"minecraft:leave_game":14,"minecraft:time_since_death":296666,"minecraft:climb_one_cm":1778,"minecraft:sprint_one_cm":2099477,"minecraft:walk_one_cm":3941800,"minecraft:drop":86,"minecraft:damage_dealt_absorbed":45,"minecraft:sneak_time":3658,"minecraft:deaths":16,"minecraft:walk_under_water_one_cm":68895,"minecraft:jump":6360,"minecraft:walk_on_water_one_cm":120096,"minecraft:interact_with_furnace":86,"tombstone:raider_killed":1,"minecraft:play_one_minute":1023977,"minecraft:interact_with_stonecutter":22,"minecraft:sleep_in_bed":40,"minecraft:time_since_rest":18523,"minecraft:damage_taken":13100,"minecraft:damage_dealt":10514,"minecraft:player_kills":1,"minecraft:swim_one_cm":3084,"minecraft:fly_one_cm":197145,"minecraft:open_chest":106,"minecraft:crouch_one_cm":10336,"tombstone:undead_killed":13,"minecraft:fish_caught":10,"minecraft:interact_with_smoker":1,"minecraft:fall_one_cm":123862},"minecraft:picked_up":{"minecraft:iron_chestplate":1,"minecraft:crafting_table":25,"minecraft:wheat":22,"minecraft:allium":2,"minecraft:stone_brick_wall":1,"minecraft:clay_ball":20,"minecraft:brown_mushroom":4,"tconstruct:skyroot_log":13,"minecraft:oak_stairs":23,"minecraft:enchanted_book":2,"minecraft:potion":1,"minecraft:stone_brick_stairs":36,"iceandfire:armor_silver_metal_chestplate":1,"minecraft:oak_trapdoor":2,"minecraft:string":18,"minecraft:pufferfish":6,"minecraft:blue_orchid":2,"minecraft:diamond_leggings":1,"minecraft:spruce_planks":15,"minecraft:beef":17,"iceandfire:armor_silver_metal_leggings":1,"iceandfire:dread_shard":2,"minecraft:rose_bush":6,"minecraft:iron_pickaxe":6,"minecraft:poppy":15,"quark:root_item":2,"minecraft:enchanted_golden_apple":3,"minecraft:birch_sapling":1,"minecraft:furnace":1,"minecraft:egg":2,"iceandfire:pixie_dust":1,"tombstone:ankh_of_pray":1,"minecraft:stick":261,"minecraft:stone":1,"minecraft:torch":118,"minecraft:spruce_fence":4,"tombstone:grave_dust":2,"minecraft:carrot":11,"minecraft:redstone":59,"iceandfire:silver_ingot":55,"tconstruct:sky_slime_ball":70,"minecraft:stone_shovel":2,"minecraft:arrow":11,"minecraft:honey_bottle":4,"minecraft:rotten_flesh":26,"artifacts:villager_hat":2,"quark:smooth_basalt":16,"farmersdelight:onion":1,"minecraft:diamond_boots":1,"artifacts:cross_necklace":1,"minecraft:gold_ingot":24,"quark:slate":3,"minecraft:mutton":5,"minecraft:bone_block":20,"minecraft:cod":5,"minecraft:snowball":116,"minecraft:white_wool":3,"minecraft:cobblestone":1025,"minecraft:birch_log":8,"minecraft:lilac":9,"minecraft:feather":2,"minecraft:cooked_beef":10,"minecraft:golden_carrot":4,"minecraft:water_bucket":1,"minecraft:andesite":392,"minecraft:salmon":4,"minecraft:leather":9,"tconstruct:broad_axe":1,"minecraft:potato":421,"minecraft:flint":4,"minecraft:oak_log":433,"minecraft:lily_pad":1,"evilcraft:flesh_humanoid":1,"minecraft:yellow_bed":3,"iceandfire:dragonegg_gray":1,"minecraft:gunpowder":1,"minecraft:blue_bed":3,"minecraft:lapis_lazuli":33,"minecraft:dirt":1380,"minecraft:lantern":3,"minecraft:white_banner":3,"minecraft:bone":19,"tetra:scroll_rolled":1,"create:copper_ore":5,"minecraft:apple":13,"minecraft:wheat_seeds":64,"minecraft:iron_ingot":40,"minecraft:iron_ore":100,"minecraft:stone_pickaxe":8,"minecraft:cobweb":10,"minecraft:glass_bottle":1,"minecraft:oak_planks":56,"tconstruct:sky_slime_sapling":1,"minecraft:iron_sword":2,"minecraft:stone_hoe":1,"quark:blue_blossom_sapling":4,"tconstruct:copper_ore":3,"minecraft:dandelion":3,"minecraft:poisonous_potato":1,"minecraft:gravel":22,"minecraft:lily_of_the_valley":2,"sophisticatedbackpacks:iron_backpack":2,"minecraft:stripped_spruce_log":1,"minecraft:spruce_sapling":317,"iceandfire:stymphalian_bird_feather":5,"minecraft:white_bed":14,"minecraft:spruce_log":1230,"minecraft:gold_ore":21,"minecraft:spider_eye":2,"alexsmobs:animal_dictionary":2,"quark:cobbled_deepslate":341,"tetra:geode":1,"minecraft:diamond":2,"iceandfire:silver_sword":3,"minecraft:chainmail_leggings":1,"minecraft:golden_apple":1,"iceandfire:ice_dragon_flesh":1,"alexsmobs:moose_ribs":1,"minecraft:bread":12,"alexsmobs:maggot":3,"minecraft:baked_potato":122,"minecraft:oak_sapling":91,"minecraft:coal":303},"minecraft:used":{"minecraft:oak_trapdoor":44,"quark:cobbled_deepslate":4,"iceandfire:silver_sword":73,"minecraft:stone_shovel":655,"minecraft:iron_sword":258,"minecraft:wooden_shovel":59,"minecraft:stone_hoe":104,"minecraft:torch":159,"minecraft:dirt":905,"minecraft:carrot":9,"minecraft:spruce_fence":84,"minecraft:snowball":13,"tombstone:ankh_of_pray":6,"quark:spruce_chest":2,"minecraft:lantern":4,"minecraft:iron_axe":245,"minecraft:oak_stairs":72,"carryon:entity_item":4,"minecraft:stone_bricks":5,"minecraft:stone_brick_stairs":99,"minecraft:golden_carrot":4,"minecraft:cooked_cod":3,"minecraft:oak_sapling":89,"minecraft:furnace":2,"tombstone:gift":3,"minecraft:cooked_beef":11,"minecraft:potato":137,"minecraft:wheat_seeds":45,"minecraft:cooked_mutton":1,"minecraft:water_bucket":2,"minecraft:stone_pickaxe":977,"minecraft:baked_potato":134,"minecraft:oak_planks":1270,"minecraft:blue_bed":3,"minecraft:golden_apple":1,"minecraft:crafting_table":2,"minecraft:stone_brick_wall":24,"minecraft:white_bed":12,"minecraft:spruce_log":1254,"minecraft:oak_log":6,"minecraft:apple":5,"minecraft:spruce_sapling":309,"minecraft:iron_pickaxe":1084,"minecraft:bread":13,"iceandfire:ice_dragon_flesh":1,"minecraft:stone_axe":1077,"minecraft:fishing_rod":20,"minecraft:cobblestone":71,"minecraft:potion":1,"minecraft:bucket":1,"minecraft:andesite":8,"alexsmobs:animal_dictionary":1,"minecraft:yellow_bed":3},"minecraft:killed_by":{"minecraft:wolf":1,"minecraft:stray":1,"minecraft:creeper":3,"minecraft:spider":1,"iceandfire:dread_lich":1,"iceandfire:stymphalian_bird":1,"alexsmobs:raccoon":1,"minecraft:skeleton":2,"minecraft:zombie":1,"alexsmobs:moose":1}},"DataVersion":2586}