{"stats":{"minecraft:mined":{"minecraft:oak_door":1,"iceandfire:copper_pile":4,"farmersdelight:wild_carrots":5,"minecraft:grass_block":995,"tconstruct:earth_slime_tall_grass":2,"farmersdelight:wild_onions":9,"quark:pink_blossom_leaves":37,"minecraft:iron_ore":75,"minecraft:snow":7,"minecraft:andesite":3,"create:copper_ore":3,"minecraft:azure_bluet":14,"minecraft:bookshelf":12,"minecraft:potatoes":57,"tconstruct:earth_earth_slime_grass":2,"tconstruct:earth_slime_leaves":3,"iceandfire:gold_pile":3,"minecraft:vine":1,"minecraft:iron_bars":2,"minecraft:blue_orchid":2,"minecraft:stone":161,"tconstruct:earth_congealed_slime":46,"sophisticatedbackpacks:backpack":1,"farmersdelight:wild_potatoes":8,"tconstruct:copper_ore":1,"iceandfire:pixie_jar_empty":1,"minecraft:dandelion":1,"minecraft:crafting_table":6,"minecraft:cornflower":12,"minecraft:torch":14,"tconstruct:greenheart_log":11,"quark:stone_speleothem":1,"minecraft:tall_grass":35,"minecraft:cobblestone":27,"minecraft:oak_planks":2,"minecraft:wall_torch":7,"minecraft:blue_bed":9,"farmersdelight:wild_beetroots":1,"minecraft:birch_log":7,"quark:marble":3,"minecraft:wheat":1,"minecraft:lilac":1,"minecraft:spruce_log":32,"minecraft:birch_leaves":10,"minecraft:yellow_bed":2,"minecraft:wither_rose":1,"minecraft:grass_path":1,"minecraft:grass":154,"minecraft:oak_log":10,"minecraft:coal_ore":146,"iceandfire:silver_pile":3,"minecraft:sand":2,"minecraft:dirt":302,"minecraft:oak_leaves":9},"minecraft:picked_up":{"iceandfire:dragon_skull_lightning":1,"minecraft:crafting_table":6,"minecraft:wheat":1,"minecraft:allium":16,"minecraft:azure_bluet":16,"tconstruct:materials_and_you":1,"minecraft:diamond_sword":1,"minecraft:enchanted_book":1,"mca:book_rose_gold":1,"minecraft:wither_rose":1,"tombstone:grave_key":1,"minecraft:cornflower":14,"minecraft:string":145,"tconstruct:earth_slime_dirt":2,"minecraft:iron_shovel":2,"minecraft:blue_orchid":1,"minecraft:gold_nugget":18,"minecraft:birch_sapling":4,"minecraft:iron_boots":1,"minecraft:egg":1,"minecraft:tipped_arrow":1,"minecraft:oak_door":1,"minecraft:torch":51,"sophisticatedbackpacks:backpack":1,"minecraft:porkchop":3,"quark:pink_blossom_sapling":25,"tombstone:grave_dust":1,"minecraft:carrot":6,"minecraft:arrow":3,"minecraft:rotten_flesh":3,"minecraft:beetroot_seeds":3,"quark:smooth_basalt":15,"farmersdelight:onion":8,"tconstruct:earth_slime_sapling":7,"minecraft:mutton":12,"minecraft:iron_bars":2,"quark:marble":3,"minecraft:white_wool":8,"minecraft:cobblestone":287,"minecraft:birch_log":7,"minecraft:lilac":1,"minecraft:water_bucket":1,"tconstruct:greenheart_log":11,"minecraft:andesite":3,"minecraft:potato":146,"minecraft:magenta_dye":5,"create:weathered_limestone_cobblestone":107,"minecraft:oak_log":10,"evilcraft:flesh_humanoid":1,"artifacts:superstitious_hat":1,"minecraft:yellow_bed":2,"minecraft:dirt":1327,"minecraft:blue_bed":12,"minecraft:name_tag":1,"minecraft:bone":31,"create:copper_ore":3,"iceandfire:pixie_jar_empty":1,"minecraft:wheat_seeds":49,"minecraft:iron_ingot":4,"minecraft:stone_pickaxe":1,"quark:tallow":3,"minecraft:iron_ore":76,"minecraft:oak_planks":2,"minecraft:book":36,"minecraft:oak_slab":2,"iceandfire:copper_nugget":28,"tconstruct:copper_ore":1,"minecraft:dandelion":1,"minecraft:poisonous_potato":1,"minecraft:sand":1,"minecraft:ink_sac":6,"minecraft:spruce_log":16,"minecraft:gold_ore":3,"minecraft:spider_eye":1,"alexsmobs:animal_dictionary":1,"minecraft:mossy_cobblestone":33,"quark:cobbled_deepslate":32,"minecraft:slime_ball":130,"minecraft:stone_axe":1,"minecraft:baked_potato":43,"iceandfire:silver_nugget":10,"minecraft:coal":145,"minecraft:diamond_pickaxe":1},"minecraft:broken":{"minecraft:iron_shovel":4,"minecraft:wooden_pickaxe":1,"minecraft:stone_pickaxe":3,"minecraft:stone_axe":1},"minecraft:used":{"minecraft:iron_shovel":1305,"minecraft:torch":50,"minecraft:dirt":1245,"minecraft:carrot":6,"minecraft:furnace":2,"tombstone:gift":2,"minecraft:potato":62,"minecraft:water_bucket":7,"minecraft:iron_ore":2,"minecraft:baked_potato":38,"minecraft:stone_pickaxe":434,"minecraft:oak_planks":2,"minecraft:wooden_pickaxe":57,"minecraft:blue_bed":10,"farmersdelight:onion":7,"minecraft:sand":1,"minecraft:crafting_table":6,"minecraft:wooden_hoe":25,"minecraft:cornflower":1,"minecraft:stone_axe":207,"minecraft:cobblestone":151,"minecraft:andesite":3,"minecraft:bucket":8,"quark:oak_chest":2,"minecraft:yellow_bed":2,"minecraft:oak_boat":1,"alexsmobs:animal_dictionary":1,"minecraft:air":1,"minecraft:cobweb":1},"minecraft:crafted":{"minecraft:oak_planks":40,"minecraft:furnace":2,"minecraft:iron_boots":1,"minecraft:stone_pickaxe":4,"minecraft:magenta_dye":2,"minecraft:iron_helmet":1,"minecraft:baked_potato":105,"minecraft:wooden_pickaxe":1,"minecraft:blue_bed":1,"minecraft:birch_planks":12,"minecraft:bucket":1,"minecraft:stone_axe":3,"minecraft:blue_dye":4,"minecraft:oak_boat":1,"minecraft:iron_chestplate":1,"minecraft:wooden_hoe":1,"minecraft:yellow_dye":1,"minecraft:stick":44,"quark:oak_chest":2,"minecraft:light_blue_dye":1,"minecraft:iron_ingot":73,"minecraft:blue_wool":3,"minecraft:iron_shovel":6,"minecraft:iron_leggings":1,"minecraft:torch":24},"minecraft:dropped":{"minecraft:porkchop":1,"minecraft:wheat_seeds":4,"minecraft:baked_potato":64,"minecraft:poisonous_potato":1,"minecraft:stick":2,"minecraft:dirt":64,"minecraft:gray_wool":1,"tconstruct:materials_and_you":1,"tombstone:grave_key":3,"tconstruct:copper_ore":1,"farmersdelight:onion":2,"minecraft:blue_bed":3,"iceandfire:dragonbone":1,"minecraft:stone_axe":2,"alexsmobs:animal_dictionary":1,"minecraft:birch_sapling":1,"minecraft:azure_bluet":2,"evilcraft:flesh_humanoid":1,"minecraft:tipped_arrow":1,"minecraft:allium":1,"minecraft:beetroot_seeds":2,"minecraft:spruce_log":16,"minecraft:iron_ore":1,"minecraft:iron_bars":2,"minecraft:arrow":3,"minecraft:magenta_dye":6,"minecraft:stone_pickaxe":1},"minecraft:custom":{"minecraft:mob_kills":11,"minecraft:animals_bred":1,"minecraft:interact_with_crafting_table":35,"minecraft:leave_game":4,"minecraft:time_since_death":24300,"minecraft:climb_one_cm":1260,"minecraft:sprint_one_cm":423725,"minecraft:walk_one_cm":935842,"minecraft:drop":121,"minecraft:sneak_time":2255,"minecraft:deaths":2,"minecraft:walk_under_water_one_cm":5183,"minecraft:boat_one_cm":882,"minecraft:jump":3672,"minecraft:walk_on_water_one_cm":48303,"minecraft:interact_with_furnace":42,"minecraft:play_one_minute":328491,"minecraft:sleep_in_bed":16,"minecraft:time_since_rest":23740,"minecraft:damage_taken":1602,"minecraft:damage_dealt":1215,"minecraft:swim_one_cm":5453,"minecraft:fly_one_cm":497510,"minecraft:open_chest":48,"minecraft:crouch_one_cm":6214,"tombstone:undead_killed":3,"minecraft:fall_one_cm":84212},"minecraft:killed":{"minecraft:skeleton":3,"minecraft:chicken":1,"minecraft:sheep":5},"minecraft:killed_by":{"iceandfire:deathworm":1,"minecraft:creeper":1}},"DataVersion":2586}