{"stats":{"minecraft:mined":{"iceandfire:copper_pile":2,"minecraft:crafting_table":1,"minecraft:torch":3,"minecraft:grass_block":62,"minecraft:tall_grass":3,"minecraft:cobblestone":10,"minecraft:oak_planks":1,"minecraft:oxeye_daisy":2,"minecraft:wall_torch":2,"iceandfire:copper_ore":5,"minecraft:birch_log":5,"minecraft:fire":1,"minecraft:spruce_log":8,"minecraft:pumpkin":14,"create:copper_ore":54,"minecraft:bee_nest":1,"minecraft:yellow_bed":1,"minecraft:wither_rose":3,"minecraft:grass":13,"minecraft:oak_log":14,"minecraft:coal_ore":35,"iceandfire:silver_pile":2,"iceandfire:gold_pile":3,"minecraft:oak_stairs":1,"minecraft:dirt":19,"minecraft:stone":107,"minecraft:oak_leaves":4},"minecraft:picked_up":{"minecraft:birch_log":5,"minecraft:crafting_table":1,"minecraft:cooked_beef":1,"iceandfire:copper_ore":5,"minecraft:potato":96,"minecraft:oak_stairs":7,"minecraft:wither_rose":3,"minecraft:oak_log":17,"minecraft:yellow_bed":1,"minecraft:dirt":72,"minecraft:string":1,"create:copper_ore":54,"minecraft:wheat_seeds":10,"minecraft:gold_nugget":19,"minecraft:spruce_planks":1,"minecraft:light_gray_wool":1,"minecraft:oak_planks":1,"minecraft:egg":1,"minecraft:stick":1,"iceandfire:copper_nugget":14,"minecraft:pumpkin":14,"iceandfire:copper_axe":1,"minecraft:torch":7,"minecraft:dandelion":1,"minecraft:spruce_sapling":3,"tombstone:grave_dust":2,"minecraft:spruce_log":8,"minecraft:carrot":12,"minecraft:pumpkin_seeds":3,"minecraft:rotten_flesh":28,"minecraft:beetroot_seeds":3,"minecraft:gray_wool":1,"minecraft:bread":6,"tombstone:magic_scroll":2,"minecraft:oak_sapling":1,"minecraft:mutton":3,"iceandfire:silver_nugget":8,"minecraft:coal":34,"minecraft:cobblestone":117,"minecraft:oxeye_daisy":3},"minecraft:broken":{"minecraft:stone_pickaxe":1,"minecraft:golden_sword":1},"minecraft:used":{"minecraft:stone_sword":91,"minecraft:cobblestone_stairs":4,"minecraft:baked_potato":13,"minecraft:stone_pickaxe":203,"minecraft:stone_shovel":35,"minecraft:oak_planks":3,"minecraft:spruce_planks":7,"minecraft:wooden_pickaxe":43,"minecraft:stone":12,"minecraft:oak_door":1,"minecraft:torch":22,"minecraft:dirt":59,"minecraft:mutton":2,"minecraft:crafting_table":6,"minecraft:spruce_log":1,"minecraft:oxeye_daisy":1,"minecraft:oak_stairs":7,"iceandfire:copper_axe":28,"tombstone:magic_scroll":1,"minecraft:spruce_sapling":3,"minecraft:stone_axe":17,"minecraft:golden_sword":39,"minecraft:cobblestone":6,"minecraft:oak_sapling":1,"minecraft:furnace":2,"tombstone:gift":2,"quark:oak_chest":1,"alexsmobs:animal_dictionary":3,"minecraft:egg":1,"minecraft:wither_rose":3,"minecraft:cooked_beef":7,"minecraft:pumpkin":11},"minecraft:crafted":{"minecraft:cooked_beef":7,"minecraft:oak_door":3,"iceandfire:copper_ingot":5,"minecraft:oak_planks":56,"minecraft:stone_shovel":1,"minecraft:crafting_table":5,"minecraft:spruce_planks":28,"create:copper_ingot":44,"minecraft:baked_potato":24,"minecraft:wooden_pickaxe":2,"minecraft:furnace":2,"iceandfire:armor_copper_metal_leggings":1,"minecraft:cobblestone_stairs":4,"minecraft:stone":29,"minecraft:birch_planks":20,"minecraft:pumpkin_seeds":4,"minecraft:stone_axe":1,"iceandfire:armor_copper_metal_helmet":1,"iceandfire:armor_copper_metal_boots":1,"iceandfire:copper_axe":1,"minecraft:stick":24,"quark:oak_chest":1,"iceandfire:armor_copper_metal_chestplate":1,"minecraft:stone_pickaxe":3,"minecraft:stone_sword":1,"minecraft:gold_ingot":2,"iceandfire:copper_pickaxe":1,"minecraft:torch":20,"minecraft:golden_sword":1},"minecraft:dropped":{"minecraft:cooked_beef":1,"alexsmobs:animal_dictionary":1,"minecraft:rotten_flesh":11,"minecraft:pumpkin_seeds":3,"minecraft:oxeye_daisy":2,"minecraft:dirt":11,"minecraft:gold_nugget":1,"minecraft:wooden_pickaxe":1},"minecraft:custom":{"minecraft:interact_with_furnace":51,"minecraft:mob_kills":31,"minecraft:interact_with_crafting_table":35,"minecraft:play_one_minute":191020,"minecraft:leave_game":8,"minecraft:time_since_death":9750,"minecraft:climb_one_cm":1535,"minecraft:sleep_in_bed":2,"minecraft:time_since_rest":7351,"minecraft:sprint_one_cm":132045,"minecraft:damage_taken":5027,"minecraft:walk_one_cm":526786,"minecraft:drop":30,"minecraft:damage_dealt":5712,"minecraft:damage_dealt_absorbed":40,"minecraft:fly_one_cm":119976,"minecraft:open_chest":20,"minecraft:crouch_one_cm":791,"tombstone:undead_killed":27,"minecraft:deaths":14,"minecraft:sneak_time":771,"minecraft:walk_under_water_one_cm":1694,"tombstone:villager_killed":1,"minecraft:jump":1565,"minecraft:walk_on_water_one_cm":24496,"minecraft:fall_one_cm":28132},"minecraft:killed":{"minecraft:spider":1,"minecraft:sheep":2,"minecraft:zombie":27,"mca:male_villager":1},"minecraft:killed_by":{"minecraft:player":3,"minecraft:skeleton":2,"minecraft:spider":3,"minecraft:zombie":5}},"DataVersion":2586}